Literal,Source,Part of the text,Entity type,ES Time elapsed,# ES Hits
Nederlandse Defensie Academie,MastbosBredaroute,waypoint,MON,66,352284
Kasteel van Breda,MastbosBredaroute,waypoint,MON,797,10034236
Hirdesbrug,MastbosBredaroute,waypoint,MON,2,13
Het Mastbos,MastbosBredaroute,waypoint,MON,133,5860789
Nassauverleden,MastbosBredaroute,waypoint,TIME,1,0
Kasteel Bouvigne,MastbosBredaroute,waypoint,MON,12,72267
Ginneken,MastbosBredaroute,waypoint,AREA,2,1150
Grote of Onze Lieve Vrouwekerk,MastbosBredaroute,waypoint,MON,1874,133194840
station Breda,MastbosBredaroute,in text,LOC,372,5106972
Stationslaan,MastbosBredaroute,in text,LOC,2,247
Willemstraat,MastbosBredaroute,in text,LOC,1,291
Academiesingel,MastbosBredaroute,in text,LOC,1,16
Valkenbergpark,MastbosBredaroute,in text,MON,1,0
Nieuwe Prinsenkade,MastbosBredaroute,in text,LOC,90,185903
Engelbrecht van Nassau,MastbosBredaroute,in text,PER,279,10106398
Hendrik III van Nassau,MastbosBredaroute,in text,PER,576,12947358
Willem van Oranje,MastbosBredaroute,in text,PER,237,10068860
Prins Filips Willem,MastbosBredaroute,in text,PER,67,283094
Breda,MastbosBredaroute,in text,LOC,4,59636
Prins Maurits,MastbosBredaroute,in text,PER,6,105162
Spanjaarden,MastbosBredaroute,in text,PER,2,4359
Granaat- en Duiventoren,MastbosBredaroute,in text,MON,2573,60704032
Spanjaardsgat,MastbosBredaroute,in text,MON,2,47
VVV Breda,MastbosBredaroute,in text,ORG,98,68290
Haven,MastbosBredaroute,in text,LOC,9,261718
Tolbrugstraat,MastbosBredaroute,in text,LOC,2,52
Nieuweweg,MastbosBredaroute,in text,LOC,1,584
Markendaalseweg,MastbosBredaroute,in text,LOC,2,5
Marksingel,MastbosBredaroute,in text,LOC,1,7
L.A. Hirdes,MastbosBredaroute,in text,PER,419,114971
Mark,MastbosBredaroute,in text,LOC,57,2123446
F. van Seegeren,MastbosBredaroute,in text,PER,1990,17057197
Generaal van der Plaatstraat,MastbosBredaroute,in text,LOC,2571,43272427
Julianalaan,MastbosBredaroute,in text,LOC,1,865
Michiel de Ruyterstraat,MastbosBredaroute,in text,LOC,1968,125109333
Baronielaan,MastbosBredaroute,in text,LOC,1,147
Johan Willem Frisolaan,MastbosBredaroute,in text,LOC,651,605895
Van der Borchlaan,MastbosBredaroute,in text,LOC,661,43262349
Werfstraat,MastbosBredaroute,in text,LOC,2,331
Hotel Mastbosch,MastbosBredaroute,in text,MON,783,617842
Staatsbosbeheer,MastbosBredaroute,in text,ORG,1,1405
Bouvignedreef,MastbosBredaroute,in text,LOC,1,3
Bouvignelaan,MastbosBredaroute,in text,LOC,1,52
Vrijlandtbrug,MastbosBredaroute,in text,LOC,1,3
CafeÃÅ Restaurant De Boschwachter,MastbosBredaroute,in text,LOC,2096,125273369
Graaf Hendrik III van Nassau,MastbosBredaroute,in text,PER,393,12958754
Willem III van Oranje,MastbosBredaroute,in text,PER,305,12842716
de Nassaus,MastbosBredaroute,in text,PER,1523,125093332
Galderseweg,MastbosBredaroute,in text,LOC,2,105
Reeptiend,MastbosBredaroute,in text,LOC,1,11
horecagelegenheid De Kogelvanger,MastbosBredaroute,in text,LOC,1749,125093046
Grenslandpad,MastbosBredaroute,in text,LOC,1,18
grondgebied De Boeverie,MastbosBredaroute,in text,AREA,1661,125094026
Landgoed Boeverie,MastbosBredaroute,in text,AREA,370,15339
Prinsen van Oranje,MastbosBredaroute,in text,PER,241,9972020
Vereniging van Catechisten,MastbosBredaroute,in text,ORG,504,9965604
Brabantse Delta,MastbosBredaroute,in text,ORG,177,694916
Raadhuisstraat,MastbosBredaroute,in text,LOC,2,1559
Ginnekenmarkt,MastbosBredaroute,in text,LOC,2,79
Ginnekenweg,MastbosBredaroute,in text,LOC,1,152
Wilhelminastraat,MastbosBredaroute,in text,LOC,2,1386
Nieuwe Ginnekenstraat,MastbosBredaroute,in text,LOC,6,185917
Van Coothplein,MastbosBredaroute,in text,LOC,155,9949735
Vierwindenstraat,MastbosBredaroute,in text,LOC,2,19
Het Bolwerk,MastbosBredaroute,in text,LOC,81,5861558
Nonnenveld,MastbosBredaroute,in text,LOC,1,34
Oude Vest,MastbosBredaroute,in text,LOC,32,463898
Molenstraat,MastbosBredaroute,in text,LOC,2,8798
Sint Annastraat,MastbosBredaroute,in text,LOC,159,277384
Willem Merkxtuin,MastbosBredaroute,in text,MON,38,182869
Turfschipper van Breda,MastbosBredaroute,in text,MON,343,9998875
Grote Markt,MastbosBredaroute,in text,LOC,22,551947
Grote Kerk,MastbosBredaroute,in text,MON,17,504612
Nederland,MastbosBredaroute,in text,LOC,8,294285
Beeldenstorm,MastbosBredaroute,in text,EVENT,1,700
Tachtigjarige Oorlog,MastbosBredaroute,in text,EVENT,13,76308
Delft,MastbosBredaroute,in text,LOC,3,52193
Reigerstraat,MastbosBredaroute,in text,LOC,1,475
Begijnhof,MastbosBredaroute,in text,MON,2,4700
