Literal,Source,Part of the text,Entity type,ES Time elapsed,# ES Hits,DBpedia % (in first 100),Hits
Nederlandse Defensie Academie,MastbosBredaroute,waypoint,MON,24,63,68.25396825396825,"[u'http://nl.dbpedia.org/resource/Categorie:Nederlandse_Defensie_Academie', u'http://lodlaundromat.org/.well-known/genid/3c38f5c76eac252d972c5404ed94f5a1#HT016442969BNode0', u'http://d-nb.info/gnd/6528092-1', u'http://nl.dbpedia.org/resource/Nederlandse_Defensie_Academie', u'http://www.wikidata.org/entity/Q1826903', u'http://nl.dbpedia.org/resource/Categorie:Nederlandse_Defensie_Academie', u'http://nl.dbpedia.org/resource/Nederlandse_Defensie_Academie', u'http://nl.dbpedia.org/resource/Categorie:Nederlandse_Defensie_Academie', u'http://lobid.org/resource/HT016442969', u'http://id.loc.gov/authorities/names/n2009000257', u'http://nl.dbpedia.org/resource/Nederlandse_Defensie_Academie', u'http://nl.dbpedia.org/resource/Nederlandse_Defensie_Academie', u'http://nl.dbpedia.org/resource/Nederlandse_Defensie_Academie', u'http://nl.dbpedia.org/resource/Nederlandse_Defensie_Academie', u'http://wikidata.dbpedia.org/resource/Q1826903', u'http://nl.dbpedia.org/resource/Categorie:Nederlandse_Defensie_Academie', u'http://nl.dbpedia.org/resource/Nederlandse_Defensie_Academie', u'http://nl.dbpedia.org/resource/Nederlandse_Defensie_Academie', u'http://lobid.org/resource/HT016125923', u'http://lobid.org/resource/HT016040313']"
Kasteel van Breda,MastbosBredaroute,waypoint,MON,24,141,95.0,"[u'http://nl.dbpedia.org/resource/Kasteel_van_Breda', u'http://dbpedia.org/resource/Breda_Castle', u'http://wikidata.dbpedia.org/resource/Q1918354', u'http://nl.dbpedia.org/resource/Categorie:Kasteel_van_Breda', u'http://es.dbpedia.org/resource/Castillo_de_Breda', u'http://nl.dbpedia.org/resource/Categorie:Kasteel_van_Breda', u'http://sws.geonames.org/6950705/', u'http://www.wikidata.org/entity/Q1918354', u'http://dbpedia.org/resource/Breda_Castle', u'http://dbpedia.org/resource/Breda_Castle', u'http://sws.geonames.org/6950705/', u'http://linkedgeodata.org/triplify/node1154356593', u'http://nl.dbpedia.org/resource/Kasteel_van_Breda', u'http://dbpedia.org/resource/Breda_Castle', u'http://dbpedia.org/resource/Breda_Castle', u'http://nl.dbpedia.org/resource/Categorie:Kasteel_van_Breda', u'http://dbpedia.org/resource/Breda_Castle', u'http://dbpedia.org/resource/Breda_Castle', u'http://es.dbpedia.org/resource/Castillo_de_Breda', u'http://nl.dbpedia.org/resource/Categorie:Kasteel_van_Breda']"
Hirdesbrug,MastbosBredaroute,waypoint,MON,5,15,66.66666666666667,"[u'http://nl.dbpedia.org/resource/Lijst_van_rijksmonumenten_in_Breda_(plaats)', u'http://nl.dbpedia.org/resource/Lijst_van_rijksmonumenten_in_Breda_(plaats)', u'http://nl.dbpedia.org/resource/Lijst_van_rijksmonumenten_in_Breda_(plaats)', u'http://nl.dbpedia.org/resource/Lijst_van_rijksmonumenten_in_Breda_(plaats)__Breda__411', u'http://nl.dbpedia.org/resource/Lijst_van_rijksmonumenten_in_Breda_(plaats)__Breda__411', u'http://wikidata.dbpedia.org/resource/Q17595550', u'http://data.cultureelerfgoed.nl/id/9EE79358-3206-43D8-93A1-E6186B8A4753', u'http://nl.dbpedia.org/resource/Lijst_van_rijksmonumenten_in_Breda_(plaats)', u'http://data.cultureelerfgoed.nl/id/9EE79358-3206-43D8-93A1-E6186B8A4753', u'http://nl.dbpedia.org/resource/Lijst_van_rijksmonumenten_in_Breda_(plaats)__Breda__411', u'http://nl.dbpedia.org/resource/Lijst_van_rijksmonumenten_in_Breda_(plaats)__Breda__411', u'http://www.wikidata.org/entity/Q17595550', u'http://bag.kadaster.nl/id/openbareruimte/0758300000000628', u'http://www.wikidata.org/entity/Q17595550', u'http://wikidata.dbpedia.org/resource/Q17595550']"
Het Mastbos,MastbosBredaroute,waypoint,MON,2047,49,91.83673469387755,"[u'http://sws.geonames.org/2751107/', u'http://sws.geonames.org/2751107/', u'http://margo.web-log.nl/tomobiel/2006/07/tropisch_woud_o.html', u'http://margo.web-log.nl/tomobiel/2006/07/tropisch_woud_o.html', u'http://nl.dbpedia.org/resource/Mastbos', u'http://nl.dbpedia.org/resource/Mastbos', u'http://nl.dbpedia.org/resource/Mastbos', u'http://nl.dbpedia.org/resource/Ginneken', u'http://nl.dbpedia.org/resource/Ginneken', u'http://nl.dbpedia.org/resource/Ginneken', u'http://nl.dbpedia.org/resource/Ginneken', u'http://nl.dbpedia.org/resource/Mastbos', u'http://nl.dbpedia.org/resource/Frans_Vermeeren', u'http://nl.dbpedia.org/resource/Frans_Vermeeren', u'http://nl.dbpedia.org/resource/Jac_Vermeeren', u'http://nl.dbpedia.org/resource/Frans_Vermeeren', u'http://nl.dbpedia.org/resource/Frans_Vermeeren', u'http://nl.dbpedia.org/resource/Jac_Vermeeren', u'http://nl.dbpedia.org/resource/Medisch_Centrum_de_Klokkenberg', u'http://nl.dbpedia.org/resource/Bert_Vermeeren']"
Nassauverleden,MastbosBredaroute,waypoint,TIME,1,0,,[]
Kasteel Bouvigne,MastbosBredaroute,waypoint,MON,7,58,72.41379310344827,"[u'http://nl.dbpedia.org/resource/Kasteel_Bouvigne', u'http://geowordnet.semanticmatching.org/3.0/wordsense-Kasteel_Bouvigne-noun-1', u'http://geowordnet.semanticmatching.org/3.0/synset-Kasteel_Bouvigne-noun-1', u'http://sws.geonames.org/2758511/', u'http://geowordnet.semanticmatching.org/3.0/word-Kasteel_Bouvigne', u'http://www.wikidata.org/entity/Q2360734', u'http://nl.dbpedia.org/resource/Kasteel_Bouvigne', u'http://wikidata.dbpedia.org/resource/Q2360734', u'http://geowordnet.semanticmatching.org/3.0/synset-Kasteel_Bouvigne-noun-1', u'http://sws.geonames.org/2758511/', u'http://sws.geonames.org/2758511/', u'http://lobid.org/resource/HT014224858', u'http://blog.seniorennet.nl/kastelen2008/archief.php?ID=12170', u'http://blog.seniorennet.nl/kastelen2008/archief.php?ID=12170', u'http://lobid.org/resource/HT014224858', u'http://lobid.org/resource/HT006415223', u'http://lobid.org/resource/HT014224858', u'http://lobid.org/resource/HT006415223', u'http://nl.dbpedia.org/resource/Markdal', u""http://nl.dbpedia.org/resource/Art_&_Antiques_Fair_'s-Hertogenbosch""]"
Ginneken,MastbosBredaroute,waypoint,AREA,3,1629,73.0,"[u'http://vo.dbpedia.org/resource/Ginneken', u'http://nl.dbpedia.org/resource/Ginneken', u'http://de.dbpedia.org/resource/Ginneken', u'http://dbpedia.org/resource/David_Hendrik_Chass%C3%A9', u'http://dbpedia.org/resource/David_Hendrik_Chass%C3%A9', u'http://dbpedia.org/resource/Antoon_Verlegh', u'http://wikidata.dbpedia.org/resource/Q2625523', u'http://wikidata.dbpedia.org/resource/Q1525055', u'http://wikidata.dbpedia.org/resource/Q1525055', u'http://wikidata.dbpedia.org/resource/Q4573756', u'http://fr.dbpedia.org/resource/Ginneken', u'http://wikidata.dbpedia.org/resource/Q2625523', u'http://dbpedia.org/resource/David_Hendrik_Chass%C3%A9', u'http://fr.dbpedia.org/resource/Ginneken', u'http://dbpedia.org/resource/David_Hendrik_Chass%C3%A9', u'http://sws.geonames.org/2755498/', u'http://lodlaundromat.org/.well-known/genid/2ff4d8172fdf819a3063a2cb42ec7622#10047434', u'http://lodlaundromat.org/.well-known/genid/2ff4d8172fdf819a3063a2cb42ec7622#10180610', u'http://nl.dbpedia.org/resource/Ginneken', u'http://www.wikidata.org/entity/Q2728248']"
Grote of Onze Lieve Vrouwekerk,MastbosBredaroute,waypoint,MON,14,307,89.0,"[u'http://nl.dbpedia.org/resource/Grote_of_Onze-Lieve-Vrouwekerk_(Dordrecht)', u'http://nl.dbpedia.org/resource/Grote_of_Onze-Lieve-Vrouwekerk_(Breda)', u'http://nl.dbpedia.org/resource/Lijst_van_rijksmonumenten_in_Tholen_(plaats)__Tholen__16', u'http://nl.dbpedia.org/resource/Grote_Kerk_(Veere)', u'http://nl.dbpedia.org/resource/Lijst_van_rijksmonumenten_in_Breda_(plaats)__Breda__201', u'http://nl.dbpedia.org/resource/Grote_of_Onze-Lieve-Vrouwekerk', u'http://dbpedia.org/resource/Grote_kerk_(Breda)', u'http://dbpedia.org/resource/Grote_Kerk_(Breda)', u'http://dbpedia.org/resource/Grote_Kerk_(Breda)', u'http://wikidata.dbpedia.org/resource/Q2024749', u'http://wikidata.dbpedia.org/resource/Q1431827', u'http://fr.dbpedia.org/resource/Grote_of_Onze-Lieve-Vrouwekerk', u'http://wikidata.dbpedia.org/resource/Q17443185', u'http://nl.dbpedia.org/resource/Lijst_van_rijksmonumenten_in_Tholen_(plaats)__Tholen__16', u'http://nl.dbpedia.org/resource/Lijst_van_rijksmonumenten_in_Tholen_(plaats)', u'http://dbpedia.org/resource/Grote_Kerk_(Breda)', u'http://dbpedia.org/resource/Grote_kerk_(Breda)', u'http://dbpedia.org/resource/Grote_kerk_(Breda)', u'http://nl.dbpedia.org/resource/Grote_of_Onze-Lieve-Vrouwekerk_(Dordrecht)', u'http://www.wikidata.org/entity/Q2360900']"
station Breda,MastbosBredaroute,in text,LOC,16,137,83.0,"[u'http://nl.dbpedia.org/resource/Station_Breda', u'http://nl.dbpedia.org/resource/Station_Breda', u'http://wikidata.dbpedia.org/resource/Q800561', u'http://geowordnet.semanticmatching.org/3.0/wordsense-Station_Breda-noun-1', u'http://dbpedia.org/resource/Breda_railway_station', u'http://dbpedia.org/resource/Breda_railway_station', u'http://sws.geonames.org/6640012/', u'http://dbpedia.org/resource/Breda_railway_station', u'http://sws.geonames.org/6640012/', u'http://dbpedia.org/resource/Breda_railway_station', u'http://geowordnet.semanticmatching.org/3.0/synset-Station_Breda-noun-1', u'http://geowordnet.semanticmatching.org/3.0/synset-Station_Breda-noun-1', u'http://geowordnet.semanticmatching.org/3.0/word-Station_Breda', u'http://dbpedia.org/resource/Breda_railway_station', u'http://sws.geonames.org/6640011/', u'http://dbpedia.org/resource/Breda-Prinsenbeek_railway_station', u'http://dbpedia.org/resource/Breda-Prinsenbeek_railway_station', u'http://dbpedia.org/resource/Breda_Oost_railway_station', u'http://geowordnet.semanticmatching.org/3.0/synset-Station_Breda_Prinsenbeek-noun-1', u'http://dbpedia.org/resource/Breda-Prinsenbeek_railway_station']"
Stationslaan,MastbosBredaroute,in text,LOC,3,330,66.0,"[u'http://fr.dbpedia.org/resource/Gare_de_Nieuport-Ville', u'http://wikidata.dbpedia.org/resource/Q19546772', u'http://wikidata.dbpedia.org/resource/Q19546775', u'http://wikidata.dbpedia.org/resource/Q19546778', u'http://wikidata.dbpedia.org/resource/Q19546781', u'http://wikidata.dbpedia.org/resource/Q19546784', u'http://wikidata.dbpedia.org/resource/Q19546788', u'http://wikidata.dbpedia.org/resource/Q19546790', u'http://bag.kadaster.nl/id/openbareruimte/1735300000000261', u'http://bag.kadaster.nl/id/openbareruimte/1731300000000152', u'http://bag.kadaster.nl/id/openbareruimte/1507302000000185', u'http://linkedgeodata.org/triplify/node47527588', u'http://bag.kadaster.nl/id/openbareruimte/0302300000000259', u'http://bag.kadaster.nl/id/openbareruimte/0867300000000114', u'http://bag.kadaster.nl/id/openbareruimte/0626300000000335', u'http://bag.kadaster.nl/id/openbareruimte/0758300000002481', u'http://bag.kadaster.nl/id/openbareruimte/0024300000144453', u'http://bag.kadaster.nl/id/openbareruimte/0243300001305447', u'http://linkedgeodata.org/triplify/node2902378269', u'http://linkedgeodata.org/triplify/node473381916']"
Willemstraat,MastbosBredaroute,in text,LOC,3,423,53.0,"[u'http://de.dbpedia.org/resource/Liste_von_Moscheen_in_Europa', u'http://wikidata.dbpedia.org/resource/Q15884041', u'http://wikidata.dbpedia.org/resource/Q2915046', u'http://wikidata.dbpedia.org/resource/Q19658215', u'http://wikidata.dbpedia.org/resource/Q19658232', u'http://wikidata.dbpedia.org/resource/Q19658234', u'http://wikidata.dbpedia.org/resource/Q19658239', u'http://wikidata.dbpedia.org/resource/Q19658264', u'http://wikidata.dbpedia.org/resource/Q19658276', u'http://wikidata.dbpedia.org/resource/Q19658289', u'http://wikidata.dbpedia.org/resource/Q19658222', u'http://wikidata.dbpedia.org/resource/Q19658226', u'http://wikidata.dbpedia.org/resource/Q19658241', u'http://wikidata.dbpedia.org/resource/Q19658243', u'http://wikidata.dbpedia.org/resource/Q19658248', u'http://wikidata.dbpedia.org/resource/Q19658253', u'http://wikidata.dbpedia.org/resource/Q19658255', u'http://wikidata.dbpedia.org/resource/Q19658257', u'http://wikidata.dbpedia.org/resource/Q19658267', u'http://wikidata.dbpedia.org/resource/Q19658274']"
Academiesingel,MastbosBredaroute,in text,LOC,2,19,68.42105263157895,"[u'http://www.wikidata.org/entity/Q2686740', u'http://bag.kadaster.nl/id/openbareruimte/0758300000000079', u'http://nl.dbpedia.org/resource/Academiesingel', u'http://nl.dbpedia.org/resource/Academiesingel', u'http://wikidata.dbpedia.org/resource/Q2686740', u'http://nl.dbpedia.org/resource/Academiesingel', u'http://nl.dbpedia.org/resource/Academiesingel', u'http://nl.dbpedia.org/resource/Academiesingel', u'http://nl.dbpedia.org/resource/Academiesingel', u'http://www.harsmedia.com/SoundBlog/Archief/00622.php#00622a', u'http://www.harsmedia.com/SoundBlog/Archief/00622.php#00622a', u'http://nl.dbpedia.org/resource/Spoorbuurt_Breda', u'http://nl.dbpedia.org/resource/Spoorbuurt_Breda', u'http://www.harsmedia.com/SoundBlog/Archief/00622.php', u'http://www.harsmedia.com/SoundBlog/Archief/00622.php', u'http://nl.dbpedia.org/resource/Spoorbuurt_Breda', u'http://nl.dbpedia.org/resource/Spoorbuurt_Breda', u'http://nl.dbpedia.org/resource/Spanjaardsgat', u'http://nl.dbpedia.org/resource/Spanjaardsgat']"
Valkenbergpark,MastbosBredaroute,in text,MON,1,0,,[]
Nieuwe Prinsenkade,MastbosBredaroute,in text,LOC,4,2,50.0,"[u'http://bag.kadaster.nl/id/openbareruimte/0758300000001802', u'http://wikidata.dbpedia.org/resource/Q19354986']"
Engelbrecht van Nassau,MastbosBredaroute,in text,PER,6,12,83.33333333333333,"[u'http://nl.dbpedia.org/resource/Stamboom_Engelbrecht_van_Nassau', u'http://www.wikidata.org/entity/Q1966663', u'http://ld.zdb-services.de/resource/2778674-2', u'http://nl.dbpedia.org/resource/Stamboom_Engelbrecht_van_Nassau', u'http://wikidata.dbpedia.org/resource/Q1966663', u'http://nl.dbpedia.org/resource/Stamboom_Engelbrecht_van_Nassau_(1451-1504)', u'http://nl.dbpedia.org/resource/Stamboom_Engelbrecht_van_Nassau_(1451-1504)', u'http://nl.dbpedia.org/resource/Engelbrecht_II_van_Nassau', u'http://dbpedia.org/resource/Engelbert_II_of_Nassau', u'http://dbpedia.org/resource/Engelbert_II_of_Nassau', u'http://dbpedia.org/resource/Engelbert_II_of_Nassau', u'http://nl.dbpedia.org/resource/Engelbrecht_II_van_Nassau']"
Hendrik III van Nassau,MastbosBredaroute,in text,PER,13,159,96.0,"[u'http://wikidata.dbpedia.org/resource/Q69450', u'http://www.wikidata.org/entity/Q69450', u'http://nl.dbpedia.org/resource/Hendrik_III_van_Nassau', u'http://nl.dbpedia.org/resource/Hendrik_III_van_Nassau', u'http://nl.dbpedia.org/resource/Hendrik_III_van_Nassau-Breda', u'http://nl.dbpedia.org/resource/Hendrik_III_van_Nassau-Beilstein', u'http://dbpedia.org/resource/Henry_III_of_Nassau-Breda', u'http://wikidata.dbpedia.org/resource/Q2755987', u'http://nl.dbpedia.org/resource/Hendrik_III_van_Nassau-Beilstein', u'http://nl.dbpedia.org/resource/Hendrik_III_van_Nassau-Beilstein', u'http://www.wikidata.org/entity/Q69450', u'http://nl.dbpedia.org/resource/Hendrik_III_van_Nassau-Beilstein', u'http://nl.dbpedia.org/resource/Hendrik_III_van_Nassau-Breda', u'http://dbpedia.org/resource/Henry_III_of_Nassau-Breda', u'http://rdf.freebase.com/ns/m.042fs9', u'http://wikidata.dbpedia.org/resource/Q69450', u'http://dbpedia.org/resource/Henry_III_of_Nassau-Breda', u'http://www.wikidata.org/entity/Q2755987', u'http://nl.dbpedia.org/resource/Hendrik_III_van_Nassau-Beilstein', u'http://nl.dbpedia.org/resource/Hendrik_III_van_Nassau-Beilstein']"
Willem van Oranje,MastbosBredaroute,in text,PER,22,2960,80.0,"[u'http://nl.dbpedia.org/resource/Slag_bij_Leuven_(1831)', u'http://nl.dbpedia.org/resource/Slag_om_Baasrode', u'http://nl.dbpedia.org/resource/CSG_Willem_van_Oranje', u'http://nl.dbpedia.org/resource/Lijst_van_rijksmonumenten_in_Den_Haag', u'http://nl.dbpedia.org/resource/Maximilien_de_H\xe9nin-Li\xe9tard', u'http://nl.dbpedia.org/resource/Filips_Willem_van_Oranje', u'http://nl.dbpedia.org/resource/Willem_van_Oranje_(film)', u'http://nl.dbpedia.org/resource/Sint-Jorisgilde_(Gent)', u'http://nl.dbpedia.org/resource/\xc9mile_de_Nieuwerkerke', u'http://nl.dbpedia.org/resource/Willem_van_Oranje_(televisieserie)', u'http://dbpedia.org/resource/Willem_van_Oranje_%28film%29', u'http://nl.dbpedia.org/resource/Willem_van_Oranje-Nassau', u'http://nl.dbpedia.org/resource/Willem_van_Oranje', u'http://nl.dbpedia.org/resource/Willem_van_oranje_college', u'http://id.dbpedia.org/resource/Willem_van_Oranje', u'http://nl.dbpedia.org/resource/Willem_van_Oranje_(hoofdbetekenis)', u'http://nl.dbpedia.org/resource/Willem_van_Oranje_College', u'http://dbpedia.org/resource/William_II%2C_Prince_of_Orange', u'http://dbpedia.org/resource/Willem_van_Oranje_(film)', u'http://dbpedia.org/resource/Willem_van_Oranje_%28film%29']"
Prins Filips Willem,MastbosBredaroute,in text,PER,6,3,33.333333333333336,"[u'http://lobid.org/resource/HT017101186', u'http://lobid.org/resource/HT017101186', u'http://dbpedia.org/resource/Cornelis_van_Aarsens']"
Breda,MastbosBredaroute,in text,LOC,11,76648,83.0,"[u'http://data.bibsys.no/data/notrbib/authorityentry/x02030785', u'http://ld.zdb-services.de/resource/630207-5', u'http://ld.zdb-services.de/resource/984294-9', u'http://data.bibsys.no/data/notrbib/authorityentry/x02030785', u'http://nl.dbpedia.org/resource/Verzorgingsplaats_Voetpomp', u'http://dbpedia.org/resource/Breda', u'http://nl.dbpedia.org/resource/Pieter_Huijsers', u'http://nl.dbpedia.org/resource/Pieter_Huijsers', u'http://dbpedia.org/resource/Gustavo_Breda_Rodrigues', u'http://dbpedia.org/resource/Breda_Smolnikar', u'http://nl.dbpedia.org/resource/Verzorgingsplaats_Vliedberg', u'http://nl.dbpedia.org/resource/Verzorgingsplaats_Voetpomp', u'http://ca.dbpedia.org/resource/Can_Valent_(Breda)', u'http://dbpedia.org/resource/NAC_Breda', u'http://ca.dbpedia.org/resource/Jacob_Gijsbertus_Samu\xebl_van_Breda', u'http://ca.dbpedia.org/resource/Llista_de_monuments_de_Breda', u'http://ca.dbpedia.org/resource/Can_Clapers', u'http://no.dbpedia.org/resource/Breda_(navn)', u'http://dbpedia.org/resource/Black_Hole_Recordings', u'http://dbpedia.org/resource/Breda_railway_station']"
Prins Maurits,MastbosBredaroute,in text,PER,7,1029,68.0,"[u'http://nl.dbpedia.org/resource/Lijst_van_rijksmonumenten_in_Breda_(plaats)__Breda__72', u'http://wikidata.dbpedia.org/resource/Q2049426', u'http://wikidata.dbpedia.org/resource/Q17343336', u'http://nl.dbpedia.org/resource/Beleg_van_Hulst_(1596)', u'http://nl.dbpedia.org/resource/Lijst_van_rijksmonumenten_in_Breda_(plaats)', u'http://fy.dbpedia.org/resource/Prins_Maurits', u'http://www.wikidata.org/entity/Q2049426', u'http://linkedgeodata.org/triplify/way58629247', u'http://nl.dbpedia.org/resource/Beleg_van_Hulst_(1596)', u'http://nl.dbpedia.org/resource/Lijst_van_rijksmonumenten_in_Breda_(plaats)', u'http://data.cultureelerfgoed.nl/id/40CF6B00-0304-48A8-B368-A7C0713B7C20', u'http://nl.dbpedia.org/resource/Lijst_van_rijksmonumenten_in_Breda_(plaats)__Breda__72', u'http://lobid.org/resource/HT004260001', u'http://www.wikidata.org/entity/Q17343336', u'http://nl.dbpedia.org/resource/Lijst_van_rijksmonumenten_in_Breda_(plaats)', u'http://linkedgeodata.org/triplify/node2405220852', u'http://nl.dbpedia.org/resource/Lijst_van_rijksmonumenten_in_Breda_(plaats)', u'http://nl.dbpedia.org/resource/Beleg_van_Hulst_(1596)', u'http://nl.dbpedia.org/resource/Prins_Maurits', u'http://nl.dbpedia.org/resource/Prins_Maurits']"
Spanjaarden,MastbosBredaroute,in text,PER,4,5348,47.0,"[u'http://nl.dbpedia.org/resource/Spanjaarden', u'http://nl.dbpedia.org/resource/Bestorming_van_Rotterdam_(1572)', u'http://dbpedia.org/resource/Spanish_people', u'http://dbpedia.org/resource/Spanish_people', u'http://rdf.freebase.com/ns/m.03ttfc', u'http://nl.dbpedia.org/resource/Bestorming_van_Rotterdam_(1572)', u'http://mk.dbpedia.org/resource/Spanjaarden', u'http://nl.dbpedia.org/resource/Bestorming_van_Rotterdam_(1572)', u'http://lod.b3kat.de/title/BV002933250', u'http://lod.b3kat.de/title/BV002940372', u'http://lod.b3kat.de/title/BV005646970', u'http://lod.b3kat.de/title/BV005478095', u'http://lod.b3kat.de/title/BV005136944', u'http://lod.b3kat.de/title/BV001779609', u'http://lod.b3kat.de/title/BV005339357', u'http://lod.b3kat.de/title/BV000550184', u'http://lod.b3kat.de/title/BV004381370', u'http://lod.b3kat.de/title/BV003369259', u'http://lod.b3kat.de/title/BV007715935', u'http://lod.b3kat.de/title/BV008782068']"
Granaat- en Duiventoren,MastbosBredaroute,in text,MON,2,0,,[]
Spanjaardsgat,MastbosBredaroute,in text,MON,2,61,93.44262295081967,"[u'http://nl.dbpedia.org/resource/Spanjaardsgat', u'http://www.wikidata.org/entity/Q3353274', u'http://nl.dbpedia.org/resource/Spanjaardsgat', u'http://wikidata.dbpedia.org/resource/Q3353274', u'http://linkedgeodata.org/triplify/node2043183726', u'http://nl.dbpedia.org/resource/Talita_Angwarmasse', u'http://nl.dbpedia.org/resource/Talita_Angwarmasse', u'http://nl.dbpedia.org/resource/Talita_Angwarmasse', u'http://nl.dbpedia.org/resource/Talita_Angwarmasse', u'http://nl.dbpedia.org/resource/Spanjaardsgat', u'http://nl.dbpedia.org/resource/Spanjaardsgat', u'http://thamos.web-log.nl/orioncollege/2007/03/verkiezingen.html', u'http://nl.dbpedia.org/resource/Spanjaardsgat', u'http://nl.dbpedia.org/resource/Spanjaardsgat', u'http://nl.dbpedia.org/resource/Oude_Postkantoor_(Breda)', u'http://nl.dbpedia.org/resource/De_Mok_(Texel)', u'http://nl.dbpedia.org/resource/Oude_Postkantoor_(Breda)', u'http://nl.dbpedia.org/resource/Oude_Postkantoor_(Breda)', u'http://nl.dbpedia.org/resource/De_Mok_(Texel)', u'http://thamos.web-log.nl/orioncollege/2007/03/verkiezingen.html']"
VVV Breda,MastbosBredaroute,in text,ORG,3,4,100.0,"[u'http://nl.dbpedia.org/resource/Spoorbuurt_Breda', u'http://nl.dbpedia.org/resource/Spoorbuurt_Breda', u'http://nl.dbpedia.org/resource/Spoorbuurt_Breda', u'http://nl.dbpedia.org/resource/Spoorbuurt_Breda']"
Haven,MastbosBredaroute,in text,LOC,15,384665,96.0,"[u'http://nl.dbpedia.org/resource/Lijst_van_rijksmonumenten_in_Naarden', u'http://nl.dbpedia.org/resource/Hornb\xe6k_(Helsing\xf8r)', u'http://nl.dbpedia.org/resource/Jamburg', u'http://nl.dbpedia.org/resource/Farsund_(plaats)', u'http://nl.dbpedia.org/resource/Haven_(Kansas)', u'http://nl.dbpedia.org/resource/Farsund_(plaats)', u'http://nl.dbpedia.org/resource/Haven_(Kansas)', u'http://nl.dbpedia.org/resource/Skive_(plaats)', u'http://de.dbpedia.org/resource/Brooke_Haven', u'http://de.dbpedia.org/resource/Lambert_van_Haven', u'http://de.dbpedia.org/resource/Nathaniel_Appleton_Haven', u'http://dbpedia.org/resource/Haven,_Kansas', u'http://nl.dbpedia.org/resource/Skive_(plaats)', u'http://nl.dbpedia.org/resource/Gilleleje', u'http://dbpedia.org/resource/Haven_(soundtrack)', u'http://dbpedia.org/resource/Haven,_Wisconsin', u'http://dbpedia.org/resource/Haven_(Dark_Tranquillity_album)', u'http://dbpedia.org/resource/Haven_(band)', u'http://dbpedia.org/resource/Haven_(TV_series)', u'http://nl.dbpedia.org/resource/Nieuw-Beijerland']"
Tolbrugstraat,MastbosBredaroute,in text,LOC,2,66,74.24242424242425,"[u'http://wikidata.dbpedia.org/resource/Q19567733', u'http://bag.kadaster.nl/id/openbareruimte/0363300000005129', u'http://bag.kadaster.nl/id/openbareruimte/0796300000201084', u'http://wikidata.dbpedia.org/resource/Q19567734', u'http://wikidata.dbpedia.org/resource/Q19567735', u'http://bag.kadaster.nl/id/openbareruimte/0363300000005129', u'http://bag.kadaster.nl/id/openbareruimte/0758300000002115', u'http://nl.dbpedia.org/resource/Lijst_van_rijksmonumenten_in_Dordrecht', u'http://nl.dbpedia.org/resource/Lijst_van_rijksmonumenten_in_Dordrecht', u'http://nl.dbpedia.org/resource/Lijst_van_rijksmonumenten_in_Breda_(plaats)__Breda__404', u'http://wikidata.dbpedia.org/resource/Q19567738', u'http://nl.dbpedia.org/resource/Lijst_van_rijksmonumenten_in_Breda_(plaats)__Breda__192', u'http://nl.dbpedia.org/resource/Lijst_van_rijksmonumenten_in_Breda_(plaats)', u'http://bag.kadaster.nl/id/openbareruimte/0505300000074000', u'http://nl.dbpedia.org/resource/Lijst_van_rijksmonumenten_in_Breda_(plaats)', u'http://nl.dbpedia.org/resource/Lijst_van_rijksmonumenten_in_Breda_(plaats)', u'http://nl.dbpedia.org/resource/Lijst_van_rijksmonumenten_in_Breda_(plaats)__Breda__192', u'http://nl.dbpedia.org/resource/Lijst_van_rijksmonumenten_in_Dordrecht__Dordrecht__325', u'http://nl.dbpedia.org/resource/Lijst_van_rijksmonumenten_in_Dordrecht', u'http://nl.dbpedia.org/resource/Lijst_van_rijksmonumenten_in_Breda_(plaats)']"
Nieuweweg,MastbosBredaroute,in text,LOC,2,804,46.0,"[u'http://wikidata.dbpedia.org/resource/Q19355521', u'http://wikidata.dbpedia.org/resource/Q19355531', u'http://wikidata.dbpedia.org/resource/Q19355543', u'http://wikidata.dbpedia.org/resource/Q19355549', u'http://wikidata.dbpedia.org/resource/Q19355555', u'http://wikidata.dbpedia.org/resource/Q19355561', u'http://wikidata.dbpedia.org/resource/Q19355565', u'http://wikidata.dbpedia.org/resource/Q19355569', u'http://wikidata.dbpedia.org/resource/Q19355571', u'http://wikidata.dbpedia.org/resource/Q19355575', u'http://wikidata.dbpedia.org/resource/Q19355578', u'http://wikidata.dbpedia.org/resource/Q19355583', u'http://wikidata.dbpedia.org/resource/Q19355589', u'http://wikidata.dbpedia.org/resource/Q19355595', u'http://wikidata.dbpedia.org/resource/Q19355601', u'http://wikidata.dbpedia.org/resource/Q19355604', u'http://wikidata.dbpedia.org/resource/Q19355607', u'http://wikidata.dbpedia.org/resource/Q19355609', u'http://wikidata.dbpedia.org/resource/Q19355610', u'http://wikidata.dbpedia.org/resource/Q19355613']"
Markendaalseweg,MastbosBredaroute,in text,LOC,1,5,60.0,"[u'http://www.wikidata.org/entity/Q19336454', u'http://wikidata.dbpedia.org/resource/Q19336454', u'http://bag.kadaster.nl/id/openbareruimte/0758300000001090', u'http://nl.dbpedia.org/resource/BRTS', u'http://nl.dbpedia.org/resource/BRTS']"
Marksingel,MastbosBredaroute,in text,LOC,1,7,28.571428571428573,"[u'http://wikidata.dbpedia.org/resource/Q19336624', u'http://www.wikidata.org/entity/Q19336624', u'http://bag.kadaster.nl/id/openbareruimte/0363300000001418', u'http://wikidata.dbpedia.org/resource/Q19336623', u'http://www.wikidata.org/entity/Q19336623', u'http://bag.kadaster.nl/id/openbareruimte/0758300000001094', u'http://bag.kadaster.nl/id/openbareruimte/0363300000001418']"
L.A. Hirdes,MastbosBredaroute,in text,PER,2,0,,[]
Mark,MastbosBredaroute,in text,LOC,54,2937650,80.0,"[u'http://www.fao.org/countryprofiles/geoinfo/geopolitical/resource/Bosnia_and_Herzegovina', u'http://ld.zdb-services.de/resource/380093-3', u'http://docs.oracle.com/javase/7/docs/api/java/io/InputStream.html#mark(int)', u'http://docs.oracle.com/javase/7/docs/api/java/io/LineNumberReader.html#mark(int)', u'http://docs.oracle.com/javase/7/docs/api/java/io/PushbackReader.html#mark(int)', u'http://docs.oracle.com/javase/7/docs/api/java/io/Reader.html#mark(int)', u'http://docs.oracle.com/javase/7/docs/api/java/nio/Buffer.html#mark()', u'http://ld.zdb-services.de/resource/2233941-3', u'http://eprints.ecs.soton.ac.uk/id/person/ext-173', u'http://eprints.ecs.soton.ac.uk/id/person/ext-2e5bb7ea92aee7bdef78b8f295c59f12', u'http://eprints.ecs.soton.ac.uk/id/person/ext-d00b1870e60df062d18022b3aacaeeab', u'http://eprints.ecs.soton.ac.uk/id/person/ext-37ed0ef3ed01feaf2f1584a48371b83f', u'http://eprints.ecs.soton.ac.uk/id/person/ext-44b6cfc5b0662e0f0ea2f1c1a37c98a5', u'http://eprints.ecs.soton.ac.uk/id/person/ext-edf645b6cd478c5a2ceaa2e347de2835', u'http://eprints.ecs.soton.ac.uk/id/person/ext-f406233a8abca8cfe38c0e7e166eca64', u'http://eprints.ecs.soton.ac.uk/id/person/ext-55a510866d8c795b15077b62b75fdb2f', u'http://eprints.ecs.soton.ac.uk/id/person/ext-0399ca1be12300f617f01dafdf5a21b9', u'http://eprints.ecs.soton.ac.uk/id/person/ext-047671ad5e4d325b41d68bffee73e13a', u'http://eprints.ecs.soton.ac.uk/id/person/ext-0629b4bd548fe37dc404e5865dd09a8d', u'http://eprints.ecs.soton.ac.uk/id/person/ext-0d5d00904b8e5d199aef7aca88a49760']"
F. van Seegeren,MastbosBredaroute,in text,PER,14,0,,[]
Generaal van der Plaatstraat,MastbosBredaroute,in text,LOC,27,33,66.66666666666667,"[u'http://wikidata.dbpedia.org/resource/Q19123652', u'http://www.wikidata.org/entity/Q19123652', u'http://bag.kadaster.nl/id/openbareruimte/0758300000000428', u'http://nl.dbpedia.org/resource/Lijst_van_rijksmonumenten_in_Breda_(plaats)', u'http://nl.dbpedia.org/resource/Lijst_van_rijksmonumenten_in_Breda_(plaats)', u'http://nl.dbpedia.org/resource/Lijst_van_rijksmonumenten_in_Breda_(plaats)__Breda__328', u'http://nl.dbpedia.org/resource/Lijst_van_rijksmonumenten_in_Breda_(plaats)', u'http://nl.dbpedia.org/resource/Lijst_van_rijksmonumenten_in_Breda_(plaats)__Breda__329', u'http://nl.dbpedia.org/resource/Lijst_van_rijksmonumenten_in_Breda_(plaats)', u'http://nl.dbpedia.org/resource/Lijst_van_rijksmonumenten_in_Breda_(plaats)', u'http://nl.dbpedia.org/resource/Lijst_van_rijksmonumenten_in_Breda_(plaats)__Breda__329', u'http://nl.dbpedia.org/resource/Lijst_van_rijksmonumenten_in_Breda_(plaats)__Breda__327', u'http://nl.dbpedia.org/resource/Lijst_van_rijksmonumenten_in_Breda_(plaats)', u'http://nl.dbpedia.org/resource/Lijst_van_rijksmonumenten_in_Breda_(plaats)', u'http://nl.dbpedia.org/resource/Lijst_van_rijksmonumenten_in_Breda_(plaats)', u'http://nl.dbpedia.org/resource/Lijst_van_rijksmonumenten_in_Breda_(plaats)', u'http://nl.dbpedia.org/resource/Lijst_van_rijksmonumenten_in_Breda_(plaats)__Breda__327', u'http://nl.dbpedia.org/resource/Lijst_van_rijksmonumenten_in_Breda_(plaats)__Breda__328', u'http://nl.dbpedia.org/resource/Lijst_van_rijksmonumenten_in_Breda_(plaats)', u'http://nl.dbpedia.org/resource/Lijst_van_rijksmonumenten_in_Breda_(plaats)']"
Julianalaan,MastbosBredaroute,in text,LOC,9,961,39.0,"[u'http://nl.dbpedia.org/resource/Lijst_van_oorlogsmonumenten_in_Ermelo__2781__1', u'http://nl.dbpedia.org/resource/Julianalaan', u'http://wikidata.dbpedia.org/resource/Q2198502', u'http://wikidata.dbpedia.org/resource/Q19282411', u'http://wikidata.dbpedia.org/resource/Q19282435', u'http://wikidata.dbpedia.org/resource/Q19282491', u'http://wikidata.dbpedia.org/resource/Q19282533', u'http://wikidata.dbpedia.org/resource/Q19282302', u'http://wikidata.dbpedia.org/resource/Q19282349', u'http://wikidata.dbpedia.org/resource/Q19282352', u'http://wikidata.dbpedia.org/resource/Q19282439', u'http://wikidata.dbpedia.org/resource/Q19282446', u'http://wikidata.dbpedia.org/resource/Q19282460', u'http://wikidata.dbpedia.org/resource/Q19282485', u'http://wikidata.dbpedia.org/resource/Q19282493', u'http://wikidata.dbpedia.org/resource/Q19282499', u'http://wikidata.dbpedia.org/resource/Q19282501', u'http://wikidata.dbpedia.org/resource/Q19282505', u'http://wikidata.dbpedia.org/resource/Q19282513', u'http://wikidata.dbpedia.org/resource/Q19282522']"
Michiel de Ruyterstraat,MastbosBredaroute,in text,LOC,15,35,31.428571428571427,"[u'http://wikidata.dbpedia.org/resource/Q19345322', u'http://wikidata.dbpedia.org/resource/Q19345313', u'http://wikidata.dbpedia.org/resource/Q19345317', u'http://wikidata.dbpedia.org/resource/Q19345326', u'http://www.wikidata.org/entity/Q19345315', u'http://www.wikidata.org/entity/Q19345318', u'http://www.wikidata.org/entity/Q19345322', u'http://www.wikidata.org/entity/Q19345327', u'http://bag.kadaster.nl/id/openbareruimte/0758300000001681', u'http://bag.kadaster.nl/id/openbareruimte/0882300000000488', u'http://bag.kadaster.nl/id/openbareruimte/0534300000000133', u'http://wikidata.dbpedia.org/resource/Q19345315', u'http://wikidata.dbpedia.org/resource/Q19345318', u'http://wikidata.dbpedia.org/resource/Q19345320', u'http://wikidata.dbpedia.org/resource/Q19345323', u'http://wikidata.dbpedia.org/resource/Q19345327', u'http://www.wikidata.org/entity/Q19345317', u'http://www.wikidata.org/entity/Q19345326', u'http://bag.kadaster.nl/id/openbareruimte/0534300000000133', u'http://bag.kadaster.nl/id/openbareruimte/0796300000201615']"
Baronielaan,MastbosBredaroute,in text,LOC,7,164,78.0,"[u'http://nl.dbpedia.org/resource/Baronielaan', u'http://nl.dbpedia.org/resource/Baronielaan', u'http://wikidata.dbpedia.org/resource/Q18943425', u'http://wikidata.dbpedia.org/resource/Q18943436', u'http://nl.dbpedia.org/resource/Baronielaan', u'http://nl.dbpedia.org/resource/Baronielaan', u'http://www.wikidata.org/entity/Q18943423', u'http://www.wikidata.org/entity/Q18943425', u'http://www.wikidata.org/entity/Q18943432', u'http://www.wikidata.org/entity/Q18943435', u'http://nl.dbpedia.org/resource/Baronielaan', u'http://bag.kadaster.nl/id/openbareruimte/0629300000000210', u'http://bag.kadaster.nl/id/openbareruimte/0848300000000025', u'http://bag.kadaster.nl/id/openbareruimte/0171300000000127', u'http://nl.dbpedia.org/resource/Baronielaan', u'http://wikidata.dbpedia.org/resource/Q18943419', u'http://wikidata.dbpedia.org/resource/Q18943432', u'http://wikidata.dbpedia.org/resource/Q18943421', u'http://wikidata.dbpedia.org/resource/Q18943427', u'http://wikidata.dbpedia.org/resource/Q18943435']"
Johan Willem Frisolaan,MastbosBredaroute,in text,LOC,18,39,38.46153846153846,"[u'http://wikidata.dbpedia.org/resource/Q19266492', u'http://wikidata.dbpedia.org/resource/Q19266498', u'http://wikidata.dbpedia.org/resource/Q19266502', u'http://wikidata.dbpedia.org/resource/Q19266505', u'http://wikidata.dbpedia.org/resource/Q19430471', u'http://www.wikidata.org/entity/Q19266494', u'http://www.wikidata.org/entity/Q19266500', u'http://www.wikidata.org/entity/Q19266503', u'http://bag.kadaster.nl/id/openbareruimte/0074300000331399', u'http://bag.kadaster.nl/id/openbareruimte/0233300000000128', u'http://bag.kadaster.nl/id/openbareruimte/0425300000000104', u'http://bag.kadaster.nl/id/openbareruimte/0626300000000123', u'http://wikidata.dbpedia.org/resource/Q19266494', u'http://wikidata.dbpedia.org/resource/Q19266507', u'http://www.wikidata.org/entity/Q19266502', u'http://www.wikidata.org/entity/Q19266496', u'http://www.wikidata.org/entity/Q19266505', u'http://bag.kadaster.nl/id/openbareruimte/0074300000331399', u'http://bag.kadaster.nl/id/openbareruimte/0622300000000402', u'http://bag.kadaster.nl/id/openbareruimte/0988300000000384']"
Van der Borchlaan,MastbosBredaroute,in text,LOC,12,10,60.0,"[u'http://wikidata.dbpedia.org/resource/Q19619503', u'http://wikidata.dbpedia.org/resource/Q18979752', u'http://www.wikidata.org/entity/Q18979752', u'http://bag.kadaster.nl/id/openbareruimte/0758300000002188', u'http://bag.kadaster.nl/id/openbareruimte/0758300000002188', u'http://bag.kadaster.nl/id/openbareruimte/0310300000656945', u'http://nl.dbpedia.org/resource/Watertoren_(Bilthoven)', u'http://nl.dbpedia.org/resource/Watertoren_(Bilthoven)', u'http://nl.dbpedia.org/resource/Watertoren_(Bilthoven)', u'http://nl.dbpedia.org/resource/Watertoren_(Bilthoven)']"
Werfstraat,MastbosBredaroute,in text,LOC,5,479,75.0,"[u'http://wikidata.dbpedia.org/resource/Q19649170', u'http://wikidata.dbpedia.org/resource/Q19649218', u'http://wikidata.dbpedia.org/resource/Q19649227', u'http://bag.kadaster.nl/id/openbareruimte/0014300010786177', u'http://bag.kadaster.nl/id/openbareruimte/0164300000008987', u'http://bag.kadaster.nl/id/openbareruimte/0141300000001179', u'http://bag.kadaster.nl/id/openbareruimte/0400300000001003', u'http://bag.kadaster.nl/id/openbareruimte/0416300000200387', u'http://bag.kadaster.nl/id/openbareruimte/1663300000000758', u'http://bag.kadaster.nl/id/openbareruimte/0243300001305251', u'http://wikidata.dbpedia.org/resource/Q19649154', u'http://wikidata.dbpedia.org/resource/Q19649161', u'http://wikidata.dbpedia.org/resource/Q19649176', u'http://wikidata.dbpedia.org/resource/Q19649189', u'http://wikidata.dbpedia.org/resource/Q19649196', u'http://wikidata.dbpedia.org/resource/Q19649217', u'http://wikidata.dbpedia.org/resource/Q19649232', u'http://linkedgeodata.org/triplify/node2802533601', u'http://bag.kadaster.nl/id/openbareruimte/0189300000000333', u'http://bag.kadaster.nl/id/openbareruimte/0363300010952694']"
Hotel Mastbosch,MastbosBredaroute,in text,MON,10,4,75.0,"[u'http://linkedgeodata.org/triplify/node1106907781', u'http://nl.dbpedia.org/resource/Mastbos', u'http://nl.dbpedia.org/resource/Mastbos', u'http://nl.dbpedia.org/resource/Mastbos']"
Staatsbosbeheer,MastbosBredaroute,in text,ORG,7,1842,46.0,"[u'http://ld.zdb-services.de/resource/407959-0', u'http://nl.dbpedia.org/resource/Staatsbosbeheer', u'http://nl.dbpedia.org/resource/Staatsbosbeheer', u'http://dbpedia.org/resource/Staatsbosbeheer', u'http://nl.dbpedia.org/resource/Staatsbosbeheer', u'http://dbpedia.org/resource/Staatsbosbeheer', u'http://dbpedia.org/resource/Staatsbosbeheer', u'http://users.ncrvnet.nl/mstol/staatsbosbeheer.html', u'http://lodlaundromat.org/.well-known/genid/e50384ae27132be62474f52ee64d6e48#httpx3Ax2Fx2Frdfx2Efreebasex2Ecomx2Frdfx2Fmx2F02r5cfjxxbnode0', u'http://dbpedia.org/resource/Staatsbosbeheer', u'http://wikidata.dbpedia.org/resource/Q7510564', u'http://nl.dbpedia.org/resource/Boezems_Kinderdijk', u'http://nl.dbpedia.org/resource/Staatsbosbeheer', u'http://standaarden.overheid.nl/owms/terms/Staatsbosbeheer', u'http://lobid.org/resource/ZDB407959-0', u'http://nl.dbpedia.org/resource/Boezems_Kinderdijk', u'http://lod.hebis.de/resource/06522125', u'http://lod.hebis.de/resource/06522125', u'http://dbpedia.org/resource/Staatsbosbeheer', u'http://linkedgeodata.org/triplify/node2344991356']"
Bouvignedreef,MastbosBredaroute,in text,LOC,6,3,33.333333333333336,"[u'http://wikidata.dbpedia.org/resource/Q18964549', u'http://www.wikidata.org/entity/Q18964549', u'http://bag.kadaster.nl/id/openbareruimte/0758300000000303']"
Bouvignelaan,MastbosBredaroute,in text,LOC,7,55,58.18181818181818,"[u'http://www.wikidata.org/entity/Q18964551', u'http://bag.kadaster.nl/id/openbareruimte/0758300000000304', u'http://wikidata.dbpedia.org/resource/Q18964551', u'http://nl.dbpedia.org/resource/Lijst_van_rijksmonumenten_in_Breda_(plaats)', u'http://nl.dbpedia.org/resource/Lijst_van_rijksmonumenten_in_Breda_(plaats)__Breda__493', u'http://nl.dbpedia.org/resource/Lijst_van_rijksmonumenten_in_Breda_(plaats)', u'http://nl.dbpedia.org/resource/Lijst_van_rijksmonumenten_in_Breda_(plaats)__Breda__493', u'http://nl.dbpedia.org/resource/Lijst_van_rijksmonumenten_in_Breda_(plaats)', u'http://nl.dbpedia.org/resource/Lijst_van_rijksmonumenten_in_Breda_(plaats)', u'http://wikidata.dbpedia.org/resource/Q17609492', u'http://nl.dbpedia.org/resource/Lijst_van_rijksmonumenten_in_Breda_(plaats)', u'http://nl.dbpedia.org/resource/Lijst_van_rijksmonumenten_in_Breda_(plaats)', u'http://nl.dbpedia.org/resource/Lijst_van_rijksmonumenten_in_Breda_(plaats)__Breda__495', u'http://nl.dbpedia.org/resource/Lijst_van_rijksmonumenten_in_Breda_(plaats)__Breda__497', u'http://nl.dbpedia.org/resource/Lijst_van_rijksmonumenten_in_Breda_(plaats)__Breda__499', u'http://nl.dbpedia.org/resource/Lijst_van_rijksmonumenten_in_Breda_(plaats)__Breda__494', u'http://nl.dbpedia.org/resource/Lijst_van_rijksmonumenten_in_Breda_(plaats)__Breda__496', u'http://nl.dbpedia.org/resource/Lijst_van_rijksmonumenten_in_Breda_(plaats)__Breda__498', u'http://nl.dbpedia.org/resource/Lijst_van_rijksmonumenten_in_Breda_(plaats)', u'http://nl.dbpedia.org/resource/Lijst_van_rijksmonumenten_in_Breda_(plaats)']"
Vrijlandtbrug,MastbosBredaroute,in text,LOC,5,4,100.0,"[u'http://nl.dbpedia.org/resource/Markdal', u'http://nl.dbpedia.org/resource/Markdal', u'http://nl.dbpedia.org/resource/Markdal', u'http://nl.dbpedia.org/resource/Markdal']"
CafeÃÅ Restaurant De Boschwachter,MastbosBredaroute,in text,LOC,21,0,,[]
Graaf Hendrik III van Nassau,MastbosBredaroute,in text,PER,38,18,100.0,"[u'http://dbpedia.org/resource/Ren%C3%A9_of_Ch%C3%A2lon', u'http://dbpedia.org/resource/Ren%C3%A9_of_Ch%C3%A2lon', u'http://dbpedia.org/resource/Ren%C3%A9_of_Ch%C3%A2lon', u'http://nl.dbpedia.org/resource/Ren\xe9_van_Chalon', u'http://nl.dbpedia.org/resource/Mencia_de_Mendozalyceum', u'http://nl.dbpedia.org/resource/Mencia_de_Mendozalyceum', u'http://nl.dbpedia.org/resource/Ren\xe9_van_Chalon', u'http://dbpedia.org/resource/Ren%C3%A9_of_Ch%C3%A2lon', u'http://nl.dbpedia.org/resource/Mencia_de_Mendozalyceum', u'http://nl.dbpedia.org/resource/Mencia_de_Mendozalyceum', u'http://dbpedia.org/resource/Ren%C3%A9_of_Ch%C3%A2lon', u'http://nl.dbpedia.org/resource/Begijnhof_(Breda)', u'http://nl.dbpedia.org/resource/Begijnhof_(Breda)', u'http://dbpedia.org/resource/Ren%C3%A9_of_Ch%C3%A2lon', u'http://dbpedia.org/resource/Ren%C3%A9_of_Ch%C3%A2lon', u'http://nl.dbpedia.org/resource/Ren\xe9_van_Chalon', u'http://nl.dbpedia.org/resource/Ren\xe9_van_Chalon', u'http://dbpedia.org/resource/Ren%C3%A9_of_Ch%C3%A2lon']"
Willem III van Oranje,MastbosBredaroute,in text,PER,37,532,92.0,"[u'http://nl.dbpedia.org/resource/Willem_III_van_Oranje', u'http://nl.dbpedia.org/resource/Willem_III_van_Oranje', u'http://dbpedia.org/resource/William_III_of_England', u'http://dbpedia.org/resource/William_III_of_England', u'http://wikidata.dbpedia.org/resource/Q129987', u'http://www.wikidata.org/entity/Q129987', u'http://dbpedia.org/resource/William_III_of_England', u'http://dbpedia.org/resource/William_III_of_England', u'http://nl.dbpedia.org/resource/Willem_III_van_Oranje-Nassau', u'http://rdf.freebase.com/ns/guid.9202a8c04000641f800000000005dc99', u'http://dbpedia.org/resource/William_III_of_England', u'http://dbpedia.org/resource/William_III_of_England', u'http://www.wikidata.org/entity/Q129987', u'http://sr.dbpedia.org/resource/Willem_III_van_Oranje-Nassau', u'http://dbpedia.org/resource/William_III_of_England', u'http://dbpedia.org/resource/William_III_of_England', u'http://dbpedia.org/resource/William_III_of_England', u'http://dbpedia.org/resource/William_III_of_England', u'http://www.wikidata.org/entity/Q129987', u'http://nl.dbpedia.org/resource/Willem_III_van_Oranje-Nassau']"
de Nassaus,MastbosBredaroute,in text,PER,14,38,94.73684210526316,"[u'http://lobid.org/resource/HT004027422', u'http://lobid.org/resource/HT004027422', u'http://nl.dbpedia.org/resource/Pacifique_Goffint', u'http://nl.dbpedia.org/resource/Pacifique_Goffint', u'http://nl.dbpedia.org/resource/L\xe9onard_Ooms', u'http://nl.dbpedia.org/resource/Augustin_Janssens_(politicus)', u'http://nl.dbpedia.org/resource/Grafkelder_van_Oranje-Nassau', u'http://nl.dbpedia.org/resource/Grafkelder_van_Oranje-Nassau', u'http://nl.dbpedia.org/resource/Nassaus_blauw', u'http://nl.dbpedia.org/resource/L\xe9onard_Ooms', u'http://nl.dbpedia.org/resource/Augustin_Janssens_(politicus)', u'http://nl.dbpedia.org/resource/Nassaus_blauw', u'http://nl.dbpedia.org/resource/Pacifique_Goffint', u'http://nl.dbpedia.org/resource/Pacifique_Goffint', u'http://nl.dbpedia.org/resource/Augustin_Janssens_(politicus)', u""http://nl.dbpedia.org/resource/Jacques_D'Martigny"", u""http://nl.dbpedia.org/resource/Jacques_D'Martigny"", u'http://nl.dbpedia.org/resource/L\xe9onard_Ooms', u'http://nl.dbpedia.org/resource/L\xe9onard_Ooms', u'http://nl.dbpedia.org/resource/Augustin_Janssens_(politicus)']"
Galderseweg,MastbosBredaroute,in text,LOC,7,113,55.0,"[u'http://wikidata.dbpedia.org/resource/Q19161190', u'http://bag.kadaster.nl/id/openbareruimte/0758300000000406', u'http://bag.kadaster.nl/id/openbareruimte/1723300000000108', u'http://wikidata.dbpedia.org/resource/Q19161192', u'http://www.wikidata.org/entity/Q19161190', u'http://www.wikidata.org/entity/Q19161192', u'http://nl.dbpedia.org/resource/Lijst_van_rijksmonumenten_in_Breda_(plaats)', u'http://nl.dbpedia.org/resource/Lijst_van_rijksmonumenten_in_Breda_(plaats)', u'http://nl.dbpedia.org/resource/Lijst_van_rijksmonumenten_in_Breda_(plaats)', u'http://nl.dbpedia.org/resource/Lijst_van_rijksmonumenten_in_Breda_(plaats)__Breda__315', u'http://nl.dbpedia.org/resource/Lijst_van_rijksmonumenten_in_Alphen-Chaam__Galder__1', u'http://nl.dbpedia.org/resource/Lijst_van_rijksmonumenten_in_Alphen-Chaam', u'http://nl.dbpedia.org/resource/Lijst_van_rijksmonumenten_in_Breda_(plaats)', u'http://nl.dbpedia.org/resource/Lijst_van_rijksmonumenten_in_Breda_(plaats)', u'http://nl.dbpedia.org/resource/Lijst_van_rijksmonumenten_in_Breda_(plaats)__Breda__375', u'http://nl.dbpedia.org/resource/Lijst_van_rijksmonumenten_in_Breda_(plaats)__Breda__316', u'http://nl.dbpedia.org/resource/Lijst_van_rijksmonumenten_in_Breda_(plaats)__Breda__466', u'http://nl.dbpedia.org/resource/Lijst_van_rijksmonumenten_in_Breda_(plaats)__Breda__439', u'http://nl.dbpedia.org/resource/Lijst_van_rijksmonumenten_in_Alphen-Chaam', u'http://nl.dbpedia.org/resource/Lijst_van_rijksmonumenten_in_Breda_(plaats)']"
Reeptiend,MastbosBredaroute,in text,LOC,5,12,66.66666666666667,"[u'http://wikidata.dbpedia.org/resource/Q19463416', u'http://bag.kadaster.nl/id/openbareruimte/0758300000001514', u'http://nl.dbpedia.org/resource/Lijst_van_rijksmonumenten_in_Breda_(plaats)__Breda__318', u'http://nl.dbpedia.org/resource/Lijst_van_rijksmonumenten_in_Breda_(plaats)', u'http://nl.dbpedia.org/resource/Lijst_van_rijksmonumenten_in_Breda_(plaats)', u'http://nl.dbpedia.org/resource/Lijst_van_rijksmonumenten_in_Breda_(plaats)', u'http://nl.dbpedia.org/resource/Lijst_van_rijksmonumenten_in_Breda_(plaats)__Breda__318', u'http://nl.dbpedia.org/resource/Lijst_van_rijksmonumenten_in_Breda_(plaats)', u'http://www.wikidata.org/entity/Q17343698', u'http://wikidata.dbpedia.org/resource/Q17343698', u'http://data.cultureelerfgoed.nl/id/C3AAED54-E7A7-4FAC-9B91-41E6A355BF9D', u'http://data.cultureelerfgoed.nl/id/C3AAED54-E7A7-4FAC-9B91-41E6A355BF9D']"
horecagelegenheid De Kogelvanger,MastbosBredaroute,in text,LOC,14,0,,[]
Grenslandpad,MastbosBredaroute,in text,LOC,6,21,85.71428571428571,"[u'http://wikidata.dbpedia.org/resource/Q2209294', u'http://nl.dbpedia.org/resource/Grenslandpad', u'http://nl.dbpedia.org/resource/Grenslandpad', u'http://www.wikidata.org/entity/Q2209294', u'http://nl.dbpedia.org/resource/Airbornepad_Market_Garden', u'http://nl.dbpedia.org/resource/Airbornepad_Market_Garden', u'http://nl.dbpedia.org/resource/Grenslandpad', u'http://nl.dbpedia.org/resource/Grenslandpad', u'http://nl.dbpedia.org/resource/Wandelroute_GR5A', u'http://nl.dbpedia.org/resource/Brabants_Vennenpad', u'http://nl.dbpedia.org/resource/Grenslandpad', u'http://nl.dbpedia.org/resource/Grenslandpad', u'http://nl.dbpedia.org/resource/Brabants_Vennenpad', u""http://nl.dbpedia.org/resource/Lijst_van_LAW's_in_Nederland"", u'http://nl.dbpedia.org/resource/Zeeland_van_A_tot_Z', u'http://nl.dbpedia.org/resource/Zeeland_van_A_tot_Z', u""http://nl.dbpedia.org/resource/Lijst_van_LAW's_in_Nederland"", u'http://nl.dbpedia.org/resource/Zeeland_van_A_tot_Z', u'http://www.westerscheldetunnel.nl/?pid=66&itemid=244&contentitemid=526', u'http://nl.dbpedia.org/resource/Zeeland_van_A_tot_Z']"
grondgebied De Boeverie,MastbosBredaroute,in text,AREA,14,0,,[]
Landgoed Boeverie,MastbosBredaroute,in text,AREA,10,0,,[]
Prinsen van Oranje,MastbosBredaroute,in text,PER,24,104,69.0,"[u'http://nl.dbpedia.org/resource/Lijst_van_prinsen_van_Oranje', u'http://www.wikidata.org/entity/Q12379705', u'http://nl.dbpedia.org/resource/Lijst_van_prinsen_van_Oranje', u'http://wikidata.dbpedia.org/resource/Q12379705', u'http://lobid.org/resource/HT010757289', u'http://lobid.org/resource/HT010757289', u'http://musicbrainz.org/recording/ef27e4de-8e49-4718-b897-67ddf3b9f55b#_', u'http://lobid.org/resource/HT004316421', u'http://musicbrainz.org/recording/ef27e4de-8e49-4718-b897-67ddf3b9f55b#_', u'http://musicbrainz.org/track/6149055#_', u'http://wikidata.dbpedia.org/resource/Q17275974', u'http://lobid.org/resource/HT004285039', u'http://nl.dbpedia.org/resource/Pieter_Nason', u'http://lobid.org/resource/HT004285039', u'http://lobid.org/resource/HT004316421', u'http://lobid.org/resource/HT010237862', u'http://nl.dbpedia.org/resource/Pieter_Nason', u'http://dbpedia.org/resource/Pieter_Nason', u'http://lobid.org/resource/HT010237862', u'http://www.wikidata.org/entity/Q17275974']"
Vereniging van Catechisten,MastbosBredaroute,in text,ORG,16,0,,[]
Brabantse Delta,MastbosBredaroute,in text,ORG,16,69,60.869565217391305,"[u'http://nl.dbpedia.org/resource/Brabantse_Delta', u'http://nl.dbpedia.org/resource/Brabantse_Delta', u'http://wikidata.dbpedia.org/resource/Q3211339', u'http://nl.dbpedia.org/resource/Brabantse_Delta', u'http://nl.dbpedia.org/resource/Brabantse_Delta', u'http://nl.dbpedia.org/resource/Brabantse_Delta', u'http://www.wikidata.org/entity/Q3211339', u'http://nl.dbpedia.org/resource/Brabantse_Delta', u'http://nl.dbpedia.org/resource/Brabantse_Delta', u'http://nl.dbpedia.org/resource/Brabantse_Delta', u'http://standaarden.overheid.nl/owms/terms/Waterschap_Brabantse_Delta', u'http://standaarden.overheid.nl/owms/terms/Waterschap_Brabantse_Delta', u'http://wikidata.dbpedia.org/resource/Q18285762', u'http://standaarden.overheid.nl/owms/terms/Waterschap_Brabantse_Delta', u'http://www.wikidata.org/entity/Q18285762', u'http://standaarden.overheid.nl/owms/terms/Waterschap_Brabantse_Delta', u'http://nl.dbpedia.org/resource/Waterschap_Brabantse_Delta', u'http://nl.dbpedia.org/resource/Waterschap_Brabantse_Delta', u'http://lodlaundromat.org/.well-known/genid/971c555b023ea8eeb72703077d59ce81#11676005', u'http://nl.dbpedia.org/resource/Brabantse_Delta']"
Raadhuisstraat,MastbosBredaroute,in text,LOC,8,1974,68.0,"[u'http://nl.dbpedia.org/resource/Heilig_Hartbeeld_(Rucphen)', u'http://nl.dbpedia.org/resource/Lijst_van_oorlogsmonumenten_in_Eemsmond__2709__1', u'http://nl.dbpedia.org/resource/Raadhuisstraat_(Maarssen)', u'http://nl.dbpedia.org/resource/Lijst_van_oorlogsmonumenten_in_Schinnen__1334__1', u'http://dbpedia.org/resource/Raadhuisstraat', u'http://wikidata.dbpedia.org/resource/Q2469604', u'http://wikidata.dbpedia.org/resource/Q19457406', u'http://wikidata.dbpedia.org/resource/Q19457465', u'http://wikidata.dbpedia.org/resource/Q19457481', u'http://wikidata.dbpedia.org/resource/Q19457550', u'http://wikidata.dbpedia.org/resource/Q19457575', u'http://wikidata.dbpedia.org/resource/Q19457647', u'http://wikidata.dbpedia.org/resource/Q19457663', u'http://wikidata.dbpedia.org/resource/Q19457726', u'http://wikidata.dbpedia.org/resource/Q19457839', u'http://wikidata.dbpedia.org/resource/Q19457874', u'http://wikidata.dbpedia.org/resource/Q19457993', u'http://wikidata.dbpedia.org/resource/Q19458028', u'http://wikidata.dbpedia.org/resource/Q19458046', u'http://wikidata.dbpedia.org/resource/Q19458078']"
Ginnekenmarkt,MastbosBredaroute,in text,LOC,11,89,74.15730337078652,"[u'http://nl.dbpedia.org/resource/Ginnekenmarkt', u'http://nl.dbpedia.org/resource/Ginnekenweg', u'http://nl.dbpedia.org/resource/Ginnekenweg', u'http://nl.dbpedia.org/resource/Ginnekenweg', u'http://www.wikidata.org/entity/Q2805455', u'http://nl.dbpedia.org/resource/Ginnekenmarkt', u'http://wikidata.dbpedia.org/resource/Q2805455', u'http://nl.dbpedia.org/resource/Ginnekenweg', u'http://bag.kadaster.nl/id/openbareruimte/0758300000000446', u'http://nl.dbpedia.org/resource/Lijst_van_rijksmonumenten_in_Breda_(plaats)', u'http://nl.dbpedia.org/resource/Lijst_van_rijksmonumenten_in_Breda_(plaats)', u'http://nl.dbpedia.org/resource/Lijst_van_rijksmonumenten_in_Breda_(plaats)__Breda__247', u'http://nl.dbpedia.org/resource/Lijst_van_rijksmonumenten_in_Breda_(plaats)', u'http://nl.dbpedia.org/resource/Lijst_van_rijksmonumenten_in_Breda_(plaats)', u'http://nl.dbpedia.org/resource/Lijst_van_rijksmonumenten_in_Breda_(plaats)__Breda__250', u'http://nl.dbpedia.org/resource/Lijst_van_rijksmonumenten_in_Breda_(plaats)__Breda__248', u'http://nl.dbpedia.org/resource/Lijst_van_rijksmonumenten_in_Breda_(plaats)__Breda__251', u'http://nl.dbpedia.org/resource/Lijst_van_rijksmonumenten_in_Breda_(plaats)', u'http://nl.dbpedia.org/resource/Lijst_van_rijksmonumenten_in_Breda_(plaats)', u'http://nl.dbpedia.org/resource/Lijst_van_rijksmonumenten_in_Breda_(plaats)']"
Ginnekenweg,MastbosBredaroute,in text,LOC,8,177,90.0,"[u'http://nl.dbpedia.org/resource/Ginnekenweg', u'http://nl.dbpedia.org/resource/Ginnekenweg', u'http://nl.dbpedia.org/resource/Ginnekenweg', u'http://nl.dbpedia.org/resource/Ginnekenweg', u'http://www.wikidata.org/entity/Q2648629', u'http://nl.dbpedia.org/resource/Heilig_Hartbeeld_(Ginneken)', u'http://nl.dbpedia.org/resource/Heilig_Hartbeeld_(Ginneken)', u'http://nl.dbpedia.org/resource/Ginnekenweg', u'http://nl.dbpedia.org/resource/Ginnekenweg', u'http://nl.dbpedia.org/resource/Ginnekenweg', u'http://wikidata.dbpedia.org/resource/Q2648629', u'http://nl.dbpedia.org/resource/Heilig_Hartbeeld_(Ginneken)', u'http://nl.dbpedia.org/resource/Wilhelminastraat_(Breda)', u'http://nl.dbpedia.org/resource/Heilig_Hartbeeld_(Ginneken)', u'http://linkedgeodata.org/triplify/node332031817', u'http://bag.kadaster.nl/id/openbareruimte/0758300000000448', u'http://nl.dbpedia.org/resource/Ginnekenweg', u'http://nl.dbpedia.org/resource/Ginnekenweg', u'http://nl.dbpedia.org/resource/Ginnekenweg', u'http://nl.dbpedia.org/resource/Ginnekenweg']"
Wilhelminastraat,MastbosBredaroute,in text,LOC,10,1854,77.0,"[u'http://nl.dbpedia.org/resource/Lijst_van_rijksmonumenten_in_Mijnsheerenland', u'http://nl.dbpedia.org/resource/Baronielaan', u'http://nl.dbpedia.org/resource/Baronielaan', u'http://nl.dbpedia.org/resource/Wilhelminastraat_(Breda)', u'http://sws.geonames.org/6690742/', u'http://wikidata.dbpedia.org/resource/Q2457795', u'http://wikidata.dbpedia.org/resource/Q19655812', u'http://wikidata.dbpedia.org/resource/Q19655827', u'http://wikidata.dbpedia.org/resource/Q19655836', u'http://wikidata.dbpedia.org/resource/Q19655842', u'http://wikidata.dbpedia.org/resource/Q19655867', u'http://wikidata.dbpedia.org/resource/Q19655880', u'http://wikidata.dbpedia.org/resource/Q19655884', u'http://wikidata.dbpedia.org/resource/Q19655892', u'http://wikidata.dbpedia.org/resource/Q19655902', u'http://wikidata.dbpedia.org/resource/Q19655908', u'http://wikidata.dbpedia.org/resource/Q19655912', u'http://wikidata.dbpedia.org/resource/Q19655916', u'http://wikidata.dbpedia.org/resource/Q19655922', u'http://wikidata.dbpedia.org/resource/Q19655926']"
Nieuwe Ginnekenstraat,MastbosBredaroute,in text,LOC,16,18,77.77777777777777,"[u'http://wikidata.dbpedia.org/resource/Q19354738', u'http://nl.dbpedia.org/resource/Wilhelminastraat_(Breda)', u'http://nl.dbpedia.org/resource/Wilhelminastraat_(Breda)', u'http://bag.kadaster.nl/id/openbareruimte/0758300000001792', u'http://nl.dbpedia.org/resource/Lijst_van_rijksmonumenten_in_Breda_(plaats)__Breda__396', u'http://nl.dbpedia.org/resource/Lijst_van_rijksmonumenten_in_Breda_(plaats)__Breda__396', u'http://nl.dbpedia.org/resource/Lijst_van_rijksmonumenten_in_Breda_(plaats)', u'http://nl.dbpedia.org/resource/Lijst_van_rijksmonumenten_in_Breda_(plaats)', u'http://nl.dbpedia.org/resource/Lijst_van_rijksmonumenten_in_Breda_(plaats)', u'http://nl.dbpedia.org/resource/Lijst_van_rijksmonumenten_in_Breda_(plaats)', u'http://www.wikidata.org/entity/Q17595529', u'http://wikidata.dbpedia.org/resource/Q17595529', u'http://data.cultureelerfgoed.nl/id/274ACD55-6A60-4FE6-ABC6-8A5F466E9888', u'http://data.cultureelerfgoed.nl/id/274ACD55-6A60-4FE6-ABC6-8A5F466E9888', u'http://nl.dbpedia.org/resource/Wilhelminastraat_(Breda)', u'http://nl.dbpedia.org/resource/Wilhelminastraat_(Breda)', u'http://nl.dbpedia.org/resource/Wilhelminastraat_(Breda)', u'http://nl.dbpedia.org/resource/Wilhelminastraat_(Breda)']"
Van Coothplein,MastbosBredaroute,in text,LOC,14,48,79.16666666666667,"[u'http://nl.dbpedia.org/resource/Ginnekenstraat_(Breda)', u'http://bag.kadaster.nl/id/openbareruimte/0758300000002185', u'http://bag.kadaster.nl/id/openbareruimte/0786300000000149', u'http://nl.dbpedia.org/resource/Van_Coothplein', u'http://nl.dbpedia.org/resource/Ginnekenstraat_(Breda)', u'http://bag.kadaster.nl/id/openbareruimte/0758300000002185', u'http://nl.dbpedia.org/resource/Van_Coothplein', u'http://nl.dbpedia.org/resource/Ginnekenstraat_(Breda)', u'http://wikidata.dbpedia.org/resource/Q2968687', u'http://wikidata.dbpedia.org/resource/Q19619130', u'http://nl.dbpedia.org/resource/Ginnekenstraat_(Breda)', u'http://www.wikidata.org/entity/Q2968687', u'http://nl.dbpedia.org/resource/Lijst_van_rijksmonumenten_in_Breda_(plaats)', u'http://nl.dbpedia.org/resource/Lijst_van_rijksmonumenten_in_Breda_(plaats)__Breda__410', u'http://nl.dbpedia.org/resource/Lijst_van_rijksmonumenten_in_Breda_(plaats)', u'http://nl.dbpedia.org/resource/Lijst_van_rijksmonumenten_in_Breda_(plaats)__Breda__410', u'http://nl.dbpedia.org/resource/Lijst_van_rijksmonumenten_in_Breda_(plaats)', u'http://nl.dbpedia.org/resource/Lijst_van_rijksmonumenten_in_Breda_(plaats)', u'http://nl.dbpedia.org/resource/Lijst_van_rijksmonumenten_in_Breda_(plaats)', u'http://nl.dbpedia.org/resource/Lijst_van_rijksmonumenten_in_Breda_(plaats)']"
Vierwindenstraat,MastbosBredaroute,in text,LOC,6,27,48.148148148148145,"[u'http://wikidata.dbpedia.org/resource/Q19634418', u'http://linkedgeodata.org/triplify/node616821325', u'http://wikidata.dbpedia.org/resource/Q19634417', u'http://bag.kadaster.nl/id/openbareruimte/0363300000005289', u'http://bag.kadaster.nl/id/openbareruimte/0716300000000663', u'http://bag.kadaster.nl/id/openbareruimte/0758300000002258', u'http://wikidata.dbpedia.org/resource/Q19634419', u'http://bag.kadaster.nl/id/openbareruimte/0363300000005289', u'http://linkedgeodata.org/triplify/node2625425653', u'http://nl.dbpedia.org/resource/Lijst_van_rijksmonumenten_in_Amsterdam_Centrum_(Haarlemmerbuurt)', u'http://nl.dbpedia.org/resource/Lijst_van_rijksmonumenten_in_de_Haarlemmerbuurt__Amsterdam__126', u'http://nl.dbpedia.org/resource/Lijst_van_rijksmonumenten_in_de_Haarlemmerbuurt__Amsterdam__126', u'http://nl.dbpedia.org/resource/Lijst_van_rijksmonumenten_in_de_Haarlemmerbuurt__Amsterdam__125', u'http://nl.dbpedia.org/resource/Lijst_van_rijksmonumenten_in_de_Haarlemmerbuurt__Amsterdam__125', u'http://nl.dbpedia.org/resource/Lijst_van_rijksmonumenten_in_Amsterdam_Centrum_(Haarlemmerbuurt)', u'http://nl.dbpedia.org/resource/Lijst_van_rijksmonumenten_in_de_Haarlemmerbuurt', u'http://nl.dbpedia.org/resource/Lijst_van_rijksmonumenten_in_de_Haarlemmerbuurt', u'http://wikidata.dbpedia.org/resource/Q17307291', u'http://www.wikidata.org/entity/Q17307291', u'http://www.wikidata.org/entity/Q17307292']"
Het Bolwerk,MastbosBredaroute,in text,LOC,19,700,33.0,"[u'http://nl.dbpedia.org/resource/RES', u'http://nl.dbpedia.org/resource/Het_Bolwerk_(poppodium)', u'http://nl.dbpedia.org/resource/Het_Bolwerk_(poppodium)', u'http://nl.dbpedia.org/resource/CAB', u'http://nl.dbpedia.org/resource/Het_Bolwerk', u'http://wikidata.dbpedia.org/resource/Q19251408', u'http://nl.dbpedia.org/resource/Bolswardia', u'http://nl.dbpedia.org/resource/CAB', u'http://nl.dbpedia.org/resource/RES', u'http://nl.dbpedia.org/resource/Tennisvereniging_Woudrichem', u'http://nl.dbpedia.org/resource/Het_Bolwerk_(poppodium)', u'http://www.wikidata.org/entity/Q4713801', u'http://www.wikidata.org/entity/Q19251408', u'http://bag.kadaster.nl/id/openbareruimte/0160300000001126', u'http://nl.dbpedia.org/resource/Het_Bolwerk_(poppodium)', u'http://wikidata.dbpedia.org/resource/Q19251406', u'http://wikidata.dbpedia.org/resource/Q1875967', u'http://nl.dbpedia.org/resource/Het_Bolwerk_(poppodium)', u'http://nl.dbpedia.org/resource/RES', u'http://nl.dbpedia.org/resource/Bolswardia']"
Nonnenveld,MastbosBredaroute,in text,LOC,7,42,61.904761904761905,"[u'http://wikidata.dbpedia.org/resource/Q19371434', u'http://bag.kadaster.nl/id/openbareruimte/0512300000018059', u'http://bag.kadaster.nl/id/openbareruimte/0748300000000777', u'http://wikidata.dbpedia.org/resource/Q19371432', u'http://wikidata.dbpedia.org/resource/Q19371435', u'http://bag.kadaster.nl/id/openbareruimte/0826300000000503', u'http://wikidata.dbpedia.org/resource/Q19371433', u'http://wikidata.dbpedia.org/resource/Q19371436', u'http://bag.kadaster.nl/id/openbareruimte/0856300000329386', u'http://bag.kadaster.nl/id/openbareruimte/0512300000018059', u'http://bag.kadaster.nl/id/openbareruimte/0758300000001818', u'http://bag.kadaster.nl/id/openbareruimte/0826300000000503', u'http://nl.dbpedia.org/resource/Lijst_van_rijksmonumenten_in_Gorinchem_(plaats)__Gorinchem__127', u'http://nl.dbpedia.org/resource/Lijst_van_rijksmonumenten_in_Gorinchem_(plaats)', u'http://nl.dbpedia.org/resource/Lijst_van_rijksmonumenten_in_Gorinchem_(plaats)', u'http://nl.dbpedia.org/resource/Lijst_van_rijksmonumenten_in_Gorinchem_(plaats)', u'http://nl.dbpedia.org/resource/Lijst_van_rijksmonumenten_in_Gorinchem_(plaats)__Gorinchem__126', u'http://nl.dbpedia.org/resource/Lijst_van_rijksmonumenten_in_Gorinchem_(plaats)__Gorinchem__126', u'http://nl.dbpedia.org/resource/Lijst_van_rijksmonumenten_in_Gorinchem_(plaats)', u'http://nl.dbpedia.org/resource/Lijst_van_rijksmonumenten_in_Gorinchem_(plaats)']"
Oude Vest,MastbosBredaroute,in text,LOC,18,564,90.0,"[u'http://data.cultureelerfgoed.nl/id/E3012501-47C4-4717-A217-5B0812AE3D9F', u'http://data.cultureelerfgoed.nl/id/E3012501-47C4-4717-A217-5B0812AE3D9F', u'http://www.wikidata.org/entity/Q2074479', u'http://linkedgeodata.org/triplify/node873911762', u'http://nl.dbpedia.org/resource/Oude_Vest', u'http://sws.geonames.org/2748986/', u'http://wikidata.dbpedia.org/resource/Q19402697', u'http://wikidata.dbpedia.org/resource/Q19402699', u'http://bag.kadaster.nl/id/openbareruimte/0546300000001034', u'http://bag.kadaster.nl/id/openbareruimte/0758300000001355', u'http://linkedgeodata.org/triplify/node1152724047', u'http://nl.dbpedia.org/resource/Oude_Vest', u'http://wikidata.dbpedia.org/resource/Q2074479', u'http://sws.geonames.org/2748986/', u'http://sws.geonames.org/2748986/', u'http://nl.dbpedia.org/resource/Lijst_van_onroerend_erfgoed_in_Dendermonde', u'http://nl.dbpedia.org/resource/Lijst_van_onroerend_erfgoed_in_Dendermonde', u'http://nl.dbpedia.org/resource/Lijst_van_onroerend_erfgoed_in_Gent/deel7', u'http://nl.dbpedia.org/resource/Lijst_van_rijksmonumenten_in_Breda_(plaats)', u'http://nl.dbpedia.org/resource/Lijst_van_rijksmonumenten_in_Leiden,_straat_A-I']"
Molenstraat,MastbosBredaroute,in text,LOC,9,11376,96.0,"[u'http://nl.dbpedia.org/resource/Lijst_van_onroerend_erfgoed_in_Lo-Reninge', u'http://nl.dbpedia.org/resource/Lijst_van_onroerend_erfgoed_in_Maasmechelen', u'http://nl.dbpedia.org/resource/Molenstraat_(Haaren)', u'http://nl.dbpedia.org/resource/Joodse_begraafplaats_(Goor)', u'http://nl.dbpedia.org/resource/Lijst_van_onroerend_erfgoed_in_Ardooie', u'http://nl.dbpedia.org/resource/Lijst_van_onroerend_erfgoed_in_Assenede', u'http://nl.dbpedia.org/resource/Lijst_van_onroerend_erfgoed_in_Eeklo', u'http://nl.dbpedia.org/resource/Lijst_van_onroerend_erfgoed_in_Gavere', u'http://nl.dbpedia.org/resource/Lijst_van_onroerend_erfgoed_in_Geel', u'http://nl.dbpedia.org/resource/Lijst_van_onroerend_erfgoed_in_Horebeke', u'http://nl.dbpedia.org/resource/Lijst_van_onroerend_erfgoed_in_Lubbeek', u'http://nl.dbpedia.org/resource/Lijst_van_onroerend_erfgoed_in_Nieuwpoort', u'http://nl.dbpedia.org/resource/Lijst_van_onroerend_erfgoed_in_Oosterzele', u'http://nl.dbpedia.org/resource/Lijst_van_onroerend_erfgoed_in_Rijkevorsel', u'http://nl.dbpedia.org/resource/Lijst_van_onroerend_erfgoed_in_Stekene', u'http://nl.dbpedia.org/resource/Lijst_van_onroerend_erfgoed_in_Westerlo', u'http://nl.dbpedia.org/resource/Joodse_begraafplaats_(Goor)', u'http://nl.dbpedia.org/resource/Lijst_van_onroerend_erfgoed_in_Lo-Reninge', u'http://nl.dbpedia.org/resource/Lijst_van_onroerend_erfgoed_in_Ardooie', u'http://nl.dbpedia.org/resource/Lijst_van_onroerend_erfgoed_in_Avelgem']"
Sint Annastraat,MastbosBredaroute,in text,LOC,13,793,76.0,"[u'http://nl.dbpedia.org/resource/Sint-Annastraat', u'http://nl.dbpedia.org/resource/Lijst_van_onroerend_erfgoed_in_Steenokkerzeel', u'http://nl.dbpedia.org/resource/Lijst_van_onroerend_erfgoed_in_Steenokkerzeel', u'http://fr.dbpedia.org/resource/Liste_des_monuments_historiques_de_Steenokkerzeel', u'http://fr.dbpedia.org/resource/Liste_des_monuments_historiques_de_Lierre_(Belgique)', u'http://fr.dbpedia.org/resource/Liste_des_monuments_historiques_de_Hoeselt', u'http://fr.dbpedia.org/resource/Liste_des_monuments_historiques_de_Steenokkerzeel', u'http://wikidata.dbpedia.org/resource/Q19515502', u'http://wikidata.dbpedia.org/resource/Q19515504', u'http://wikidata.dbpedia.org/resource/Q19515507', u'http://wikidata.dbpedia.org/resource/Q19515509', u'http://wikidata.dbpedia.org/resource/Q19515515', u'http://nl.dbpedia.org/resource/Lijst_van_onroerend_erfgoed_in_Lier', u'http://fr.dbpedia.org/resource/Liste_des_monuments_historiques_de_Hoeselt', u'http://fr.dbpedia.org/resource/Liste_des_monuments_historiques_de_Lierre_(Belgique)', u'http://fr.dbpedia.org/resource/Liste_des_monuments_historiques_de_Hoeselt', u'http://fr.dbpedia.org/resource/Liste_des_monuments_historiques_de_Steenokkerzeel', u'http://nl.dbpedia.org/resource/Lijst_van_onroerend_erfgoed_in_Steenokkerzeel', u'http://linkedgeodata.org/triplify/way164589167', u'http://bag.kadaster.nl/id/openbareruimte/1641300001078912']"
Willem Merkxtuin,MastbosBredaroute,in text,MON,12,18,94.44444444444444,"[u'http://nl.dbpedia.org/resource/Willem_Merkxtuin', u'http://nl.dbpedia.org/resource/Willem_Merkxtuin', u'http://wikidata.dbpedia.org/resource/Q2452329', u'http://www.wikidata.org/entity/Q2452329', u'http://nl.dbpedia.org/resource/Lijst_van_burgemeesters_van_Breda', u'http://nl.dbpedia.org/resource/Lijst_van_burgemeesters_van_Breda', u'http://nl.dbpedia.org/resource/Lijst_van_burgemeesters_van_Breda', u'http://nl.dbpedia.org/resource/Lijst_van_burgemeesters_van_Breda', u'http://nl.dbpedia.org/resource/Stadserf', u'http://nl.dbpedia.org/resource/Stadserf', u'http://nl.dbpedia.org/resource/Stadserf', u'http://nl.dbpedia.org/resource/Stadserf', u'http://nl.dbpedia.org/resource/Willem_Merkxtuin', u'http://nl.dbpedia.org/resource/Willem_Merkxtuin', u'http://nl.dbpedia.org/resource/Willem_Merkxtuin', u'http://nl.dbpedia.org/resource/Willem_Merkxtuin', u'http://nl.dbpedia.org/resource/Binnenstad_(Breda)', u'http://nl.dbpedia.org/resource/Binnenstad_(Breda)']"
Turfschipper van Breda,MastbosBredaroute,in text,MON,20,0,,[]
Grote Markt,MastbosBredaroute,in text,LOC,12,13564,92.0,"[u'http://nl.dbpedia.org/resource/Lijst_van_onroerend_erfgoed_in_Ieper', u'http://nl.dbpedia.org/resource/Brussel_(stad)', u'http://nl.dbpedia.org/resource/Herestraat_(Groningen)', u'http://nl.dbpedia.org/resource/Lijst_van_onroerend_erfgoed_in_Aalst', u'http://nl.dbpedia.org/resource/Lijst_van_onroerend_erfgoed_in_Antwerpen/Historisch_Centrum', u'http://nl.dbpedia.org/resource/Lijst_van_onroerend_erfgoed_in_Boom', u'http://nl.dbpedia.org/resource/Lijst_van_onroerend_erfgoed_in_Diest', u'http://nl.dbpedia.org/resource/Lijst_van_onroerend_erfgoed_in_Herentals', u'http://nl.dbpedia.org/resource/Lijst_van_onroerend_erfgoed_in_Turnhout', u'http://nl.dbpedia.org/resource/Lijst_van_onroerend_erfgoed_in_Vilvoorde', u'http://nl.dbpedia.org/resource/Lijst_van_onroerend_erfgoed_in_Zoutleeuw', u'http://af.dbpedia.org/resource/Grote_Markt', u'http://nl.dbpedia.org/resource/Boterstraat_(Schiedam)', u'http://nl.dbpedia.org/resource/Grote_Markt_(Brussel)', u'http://nl.dbpedia.org/resource/Grote_Markt', u'http://nl.dbpedia.org/resource/Grote_Houtstraat', u'http://nl.dbpedia.org/resource/Lijst_van_onroerend_erfgoed_in_Kortrijk/deel1', u'http://nl.dbpedia.org/resource/Lijst_van_onroerend_erfgoed_in_Aarschot', u'http://nl.dbpedia.org/resource/Lijst_van_onroerend_erfgoed_in_Diksmuide', u'http://nl.dbpedia.org/resource/Lijst_van_onroerend_erfgoed_in_Ronse']"
Grote Kerk,MastbosBredaroute,in text,MON,13,2622,75.0,"[u'http://nl.dbpedia.org/resource/Lijst_van_rijksmonumenten_in_Hilversum', u'http://data.europeana.eu/proxy/provider/91622/A7C56AC22484ADFA5533FBFBC78B2B0B4C3AD1F1', u'http://nl.dbpedia.org/resource/Grote_Kerk_(Enschede)', u'http://nl.dbpedia.org/resource/Grote_Kerk_(Harlingen)', u'http://nl.dbpedia.org/resource/Grote_Kerk', u'http://nl.dbpedia.org/resource/Grote_kerk', u'http://nl.dbpedia.org/resource/Grote_Kerk_(Beverwijk)', u'http://nl.dbpedia.org/resource/Grote_Kerk_(Debrecen)', u'http://nl.dbpedia.org/resource/Grote_Kerk_(Halfweg)', u'http://nl.dbpedia.org/resource/Grote_Kerk_(Leerdam)', u'http://nl.dbpedia.org/resource/Lijst_van_rijksmonumenten_in_Hilversum', u'http://dbpedia.org/resource/Dordrecht', u'http://de.dbpedia.org/resource/Grote_Kerk', u'http://nl.dbpedia.org/resource/Lijst_van_rijksmonumenten_in_Hoogeveen_(plaats)__Hoogeveen__4', u'http://nl.dbpedia.org/resource/Lijst_van_rijksmonumenten_in_Hoorn_(plaats)__Hoorn__275', u'http://nl.dbpedia.org/resource/Lijst_van_rijksmonumenten_in_Leerdam_(plaats)__Leerdam__5', u'http://nl.dbpedia.org/resource/Grote_Kerk_(Drachten)', u'http://nl.dbpedia.org/resource/Grote_Kerk_(Elst)', u'http://nl.dbpedia.org/resource/Grote_Kerk_(Graaff-Reinet)', u'http://nl.dbpedia.org/resource/Grote_Kerk_(Harderwijk)']"
Nederland,MastbosBredaroute,in text,LOC,13,380075,100.0,"[u'http://ast.dbpedia.org/resource/Pa\xedses_Baxos', u'http://als.dbpedia.org/resource/Niederl\xe4ndische_Fussballnationalmannschaft_der_M\xe4nner', u'http://nn.dbpedia.org/resource/Kategori:Nederland', u'http://nl.dbpedia.org/resource/Schakels_(film)', u'http://nl.dbpedia.org/resource/Schey', u'http://nl.dbpedia.org/resource/Schilberg_(Noorbeek)', u'http://nl.dbpedia.org/resource/Schipholtunnel_(auto)', u'http://nl.dbpedia.org/resource/Schokland', u'http://nl.dbpedia.org/resource/SchoolTV', u'http://nl.dbpedia.org/resource/Schoor_(Nederweert)', u'http://nl.dbpedia.org/resource/Schoot_(Veldhoven)', u'http://nl.dbpedia.org/resource/Schurenberg', u'http://nl.dbpedia.org/resource/Seppe_Airport', u'http://nl.dbpedia.org/resource/Shi_mian_mai_fu', u'http://nl.dbpedia.org/resource/Sil_Selmhorst', u'http://nl.dbpedia.org/resource/Sint-Franciscusgesticht_(Oudewater)', u'http://nl.dbpedia.org/resource/Sint-Pietersberg', u'http://nl.dbpedia.org/resource/Slot_Valckesteyn', u'http://nl.dbpedia.org/resource/Slotplaats', u'http://nl.dbpedia.org/resource/Sluis_Gorredijk']"
Beeldenstorm,MastbosBredaroute,in text,EVENT,2,934,51.0,"[u'http://dbpedia.org/resource/Iconoclasm', u'http://dbpedia.org/resource/Iconoclasm', u'http://www.problemen.be/2007/05/beeldenstorm.html', u'http://lodlaundromat.org/.well-known/genid/e50384ae27132be62474f52ee64d6e48#httpx3Ax2Fx2Frdfx2Efreebasex2Ecomx2Frdfx2Fmx2F0gg6mscxxbnode1', u'http://it.dbpedia.org/resource/Beeldenstorm', u'http://wikidata.dbpedia.org/resource/Q2659188', u'http://fr.dbpedia.org/resource/Beeldenstorm', u'http://wikidata.dbpedia.org/resource/Q513860', u'http://wikidata.dbpedia.org/resource/Q513860', u'http://dbpedia.org/resource/Beeldenstorm', u'http://dbpedia.org/resource/Beeldenstorm', u'http://es.dbpedia.org/resource/Beeldenstorm', u'http://it.dbpedia.org/resource/Beeldenstorm', u'http://lobid.org/resource/HT013690812', u'http://lobid.org/resource/TT002244924', u'http://pt.dbpedia.org/resource/Beeldenstorm', u'http://dbpedia.org/resource/Beeldenstorm', u'http://www.wikidata.org/entity/Q513860', u'http://www.wikidata.org/entity/Q513860', u'http://lod.hebis.de/resource/09150390']"
Tachtigjarige Oorlog,MastbosBredaroute,in text,EVENT,4,4344,65.0,"[u'http://nl.dbpedia.org/resource/Maarten_Harpertszoon_Tromp', u'http://nl.dbpedia.org/resource/Categorie:Tachtigjarige_Oorlog', u'http://nl.dbpedia.org/resource/Tachtigjarige_Oorlog', u'http://nl.dbpedia.org/resource/Maarten_Harpertszoon_Tromp', u'http://dbpedia.org/resource/Tachtigjarige_Oorlog', u'http://dbpedia.org/resource/Tachtigjarige_Oorlog', u'http://nl.dbpedia.org/resource/Tachtigjarige_oorlog', u'http://dbpedia.org/resource/Tachtigjarige_Oorlog', u'http://dbpedia.org/resource/Dutch_Revolt', u'http://purl.org/collections/nl/am/t-27099', u""http://dbpedia.org/resource/Eighty_Years'_War"", u'http://dbpedia.org/resource/Maarten_Tromp', u'http://dbpedia.org/resource/Tachtigjarige_Oorlog', u'http://wikidata.dbpedia.org/resource/Q2856421', u'http://nl.dbpedia.org/resource/Categorie:Tachtigjarige_Oorlog', u'http://nl.dbpedia.org/resource/Maarten_Harpertszoon_Tromp', u""http://dbpedia.org/resource/Eighty_Years'_War"", u'http://nl.dbpedia.org/resource/Lijst_van_rijksmonumenten_in_Cuijk_(gemeente)', u""http://dbpedia.org/resource/Eighty_Years'_War"", u'http://nl.dbpedia.org/resource/Maarten_Harpertszoon_Tromp']"
Delft,MastbosBredaroute,in text,LOC,6,73621,24.0,"[u'http://ld.zdb-services.de/resource/210137-3', u'http://ld.zdb-services.de/resource/210138-5', u'http://ld.zdb-services.de/resource/2164000-2', u'http://ld.zdb-services.de/resource/2165975-8', u'http://ld.zdb-services.de/resource/2201385-4', u'http://ld.zdb-services.de/resource/2202183-8', u'http://ld.zdb-services.de/resource/2217259-2', u'http://ld.zdb-services.de/resource/2221969-9', u'http://ld.zdb-services.de/resource/2222880-9', u'http://ld.zdb-services.de/resource/2255249-2', u'http://ld.zdb-services.de/resource/2256025-7', u'http://ld.zdb-services.de/resource/268830-x', u'http://ld.zdb-services.de/resource/2697746-1', u'http://ld.zdb-services.de/resource/2704037-9', u'http://ld.zdb-services.de/resource/2720569-1', u'http://ld.zdb-services.de/resource/2732187-3', u'http://ld.zdb-services.de/resource/2755052-7', u'http://ld.zdb-services.de/resource/2780261-9', u'http://ld.zdb-services.de/resource/342596-4', u'http://dbpedia.org/resource/Delft']"
Reigerstraat,MastbosBredaroute,in text,LOC,2,667,64.0,"[u'http://wikidata.dbpedia.org/resource/Q19464094', u'http://wikidata.dbpedia.org/resource/Q19464097', u'http://wikidata.dbpedia.org/resource/Q19464100', u'http://wikidata.dbpedia.org/resource/Q19464103', u'http://wikidata.dbpedia.org/resource/Q19464106', u'http://wikidata.dbpedia.org/resource/Q19464109', u'http://wikidata.dbpedia.org/resource/Q19464110', u'http://wikidata.dbpedia.org/resource/Q19464113', u'http://wikidata.dbpedia.org/resource/Q19464118', u'http://wikidata.dbpedia.org/resource/Q19464121', u'http://wikidata.dbpedia.org/resource/Q19464125', u'http://wikidata.dbpedia.org/resource/Q19464130', u'http://wikidata.dbpedia.org/resource/Q19464133', u'http://wikidata.dbpedia.org/resource/Q19464136', u'http://wikidata.dbpedia.org/resource/Q19464139', u'http://wikidata.dbpedia.org/resource/Q19464140', u'http://wikidata.dbpedia.org/resource/Q19464145', u'http://wikidata.dbpedia.org/resource/Q19464148', u'http://wikidata.dbpedia.org/resource/Q19464150', u'http://wikidata.dbpedia.org/resource/Q19464155']"
Begijnhof,MastbosBredaroute,in text,MON,3,6489,77.0,"[u'http://nl.dbpedia.org/resource/Lijst_van_onroerend_erfgoed_in_Antwerpen/Universiteitsbuurt', u'http://nl.dbpedia.org/resource/Lijst_van_onroerend_erfgoed_in_Arendonk', u'http://nl.dbpedia.org/resource/Lijst_van_onroerend_erfgoed_in_Diksmuide', u'http://dbpedia.org/resource/Begijnhof', u'http://nl.dbpedia.org/resource/Lijst_van_beschermd_onroerend_erfgoed_in_Anderlecht', u'http://nl.dbpedia.org/resource/Lijst_van_onroerend_erfgoed_in_Brugge/A-C', u'http://nl.dbpedia.org/resource/Lijst_van_onroerend_erfgoed_in_Dendermonde', u'http://nl.dbpedia.org/resource/Lijst_van_onroerend_erfgoed_in_Diksmuide', u'http://nl.dbpedia.org/resource/Lijst_van_rijksmonumenten_in_Thorn', u'http://nl.dbpedia.org/resource/Lijst_van_rijksmonumenten_in_Thorn__Thorn__75', u'http://nl.dbpedia.org/resource/Lijst_van_onroerend_erfgoed_in_Kortrijk/deel1', u'http://nl.dbpedia.org/resource/Lijst_van_onroerend_erfgoed_in_Arendonk', u'http://nl.dbpedia.org/resource/Lijst_van_onroerend_erfgoed_in_Diksmuide', u'http://nl.dbpedia.org/resource/Lijst_van_onroerend_erfgoed_in_Herentals', u'http://nl.dbpedia.org/resource/Lijst_van_onroerend_erfgoed_in_Overijse', u'http://nl.dbpedia.org/resource/Lijst_van_onroerend_erfgoed_in_Overijse', u'http://nl.dbpedia.org/resource/Begijnhof', u'http://dbpedia.org/resource/Begijnhof%2C_Amsterdam', u'http://blog.seniorennet.be/coenen1938/archief.php?ID=25', u'http://dbpedia.org/resource/Philips_Vingboons']"
